CustomerID,Recency,Frequency,Monetary,Churn,Cluster
12346,326,13,43467.106499999914,1,0
12347,2,15,9231.53,0,0
12348,75,9,3816.64,0,0
12349,19,5,6186.24,0,0
12350,310,2,668.8,1,1
12351,375,1,300.93,1,1
12352,36,18,5355.88,0,0
12353,204,3,495.76,1,1
12354,232,2,2158.8,1,1
12355,214,3,1407.01,1,1
12356,23,9,9183.16,0,0
12357,33,4,24495.33,0,0
12358,2,7,5055.13,0,0
12359,58,14,15183.42,0,0
12360,52,11,6914.95,0,0
12361,287,5,701.15,1,1
12362,3,21,10582.46,0,0
12363,110,4,1104.0,1,1
12364,8,8,2626.2,0,0
12365,291,4,1282.76,1,1
12366,634,1,500.24,1,1
12367,4,2,337.8,0,1
12368,628,1,917.6999999999999,1,1
12369,413,3,1791.15,1,1
12370,51,11,7858.5,0,0
12371,45,7,5955.34,0,0
12372,72,6,2596.08,0,0
12373,311,4,1492.25,1,1
12374,25,5,3732.15,0,0
12375,11,4,915.0,0,0
12376,390,2,503.15,1,1
12377,315,6,5054.44,1,0
12378,130,3,9424.94,1,0
12379,82,6,2472.46,0,0
12380,22,15,12401.11,0,0
12381,5,10,3690.62,0,0
12383,185,10,3701.12,1,0
12384,29,4,1170.54,0,0
12385,379,1,1938.4,1,1
12386,338,4,803.8,1,1
12387,415,1,143.94,1,1
12388,16,14,6681.77,0,0
12389,403,3,1433.33,1,1
12390,80,2,1099.68,0,1
12391,22,7,3164.5,0,0
12392,591,1,234.75000000000003,1,1
12393,72,10,3982.05,0,0
12394,64,4,2544.96,0,0
12395,19,27,7739.8,0,0
12396,674,1,931.43,1,1
12397,36,4,4819.8,0,0
12398,46,2,3271.3199999999997,0,1
12399,119,11,3070.95,1,0
12400,414,1,205.25,1,1
12401,303,2,168.6,1,1
12402,323,7,1482.5,1,1
12403,50,3,1447.06,0,1
12404,682,1,63.24,1,1
12405,149,2,3420.78,1,1
12406,22,7,9805.66,0,0
12407,50,10,3416.2400000000002,0,0
12408,33,13,7229.32,0,0
12409,79,10,34491.96,0,0
12410,309,5,1707.04,1,1
12411,410,1,346.9,1,1
12412,75,9,3823.81,0,0
12413,67,7,1757.55,0,0
12414,217,9,1514.82,1,1
12415,24,49,43467.106499999914,0,0
12416,657,1,202.56,1,1
12417,3,29,10446.51,0,0
12418,113,5,2689.78,1,0
12419,386,2,503.01,1,1
12420,64,2,1200.78,0,1
12421,16,10,1905.64,0,0
12422,96,20,6035.36,1,0
12423,1,18,4481.7,0,0
12424,163,6,5100.99,1,0
12425,78,3,2518.61,0,1
12426,195,3,1927.94,1,1
12427,22,6,1651.6,0,0
12428,26,18,15912.92,0,0
12429,9,12,9954.81,0,0
12430,43,2,512.8,0,1
12431,36,42,16852.17,0,0
12432,43,10,10118.64,0,0
12433,1,17,30170.01,0,0
12434,85,5,1909.57,0,1
12435,80,8,21755.82,0,0
12436,100,2,1018.02,1,1
12437,2,57,17634.81,0,0
12438,14,4,5813.7,0,0
12439,683,2,1142.88,1,1
12440,462,2,859.2,1,1
12441,367,2,347.1,1,1
12442,3,2,344.12,0,1
12443,726,1,485.31,1,1
12444,21,10,10010.92,0,0
12445,22,3,568.38,0,1
12446,58,2,2004.6200000000001,0,1
12447,243,2,952.98,1,1
12448,44,2,898.9,0,1
12449,22,10,8903.18,0,0
12450,156,7,886.08,1,1
12451,11,13,21705.4,0,0
12452,17,4,861.14,0,0
12453,134,2,1414.18,1,1
12454,56,6,20208.12,0,0
12455,73,16,8346.81,0,0
12456,44,6,6362.08,0,0
12457,66,15,5359.14,0,0
12458,71,6,2724.89,0,0
12459,605,1,454.36,1,1
12460,456,1,326.65,1,1
12461,94,4,1653.76,1,1
12462,19,4,2379.18,0,0
12463,53,8,2689.56,0,0
12464,10,16,2424.1,0,0
12465,17,4,1484.3799999999999,0,0
12466,682,1,56.73,1,1
12467,423,1,132.8,1,1
12468,188,7,4400.28,1,0
12469,523,2,3070.54,1,1
12470,690,1,211.95,1,1
12471,2,72,43467.106499999914,0,0
12472,32,26,22821.4,0,0
12473,29,10,7856.099999999999,0,0
12474,17,49,19696.84,0,0
12475,54,3,1873.02,0,1
12476,16,34,20900.33,0,0
12477,23,15,33496.11,0,0
12478,4,2,1361.98,0,0
12479,11,2,1054.4,0,1
12480,28,11,8746.48,0,0
12481,23,25,17765.329999999998,0,0
12482,576,29,23691.4,1,0
12483,17,27,7582.16,0,0
12484,33,18,10881.42,0,0
12485,529,1,708.1,1,1
12486,432,1,1037.28,1,1
12487,726,1,285.29999999999995,1,1
12488,10,6,2597.32,0,0
12489,336,2,669.86,1,1
12490,5,31,15241.57,0,0
12491,39,2,920.8000000000001,0,1
12492,63,5,978.4200000000001,0,1
12493,166,4,867.48,1,1
12494,16,16,3061.37,0,0
12495,641,1,357.4,1,1
12496,620,2,55.316,1,1
12497,82,4,7291.6,0,0
12498,21,6,807.4000000000001,0,0
12499,560,1,393.72,1,1
12500,23,30,10213.03,0,0
12501,337,2,4338.78,1,1
12502,96,10,7447.74,1,0
12503,584,1,1126.0,1,1
12504,18,6,1261.1,0,0
12505,409,1,955.2,1,1
12506,233,2,147.0,1,1
12507,134,7,3148.87,1,0
12508,26,4,795.76,0,1
12509,284,2,353.0,1,1
12510,143,11,6160.59,1,0
12511,429,1,3084.02,1,1
12512,66,4,264.36,0,1
12513,113,2,1224.58,1,1
12514,267,3,2615.44,1,1
12515,353,2,767.4,1,1
12516,78,6,3960.6800000000003,0,0
12517,28,10,4963.2,0,0
12518,1,10,4113.78,0,0
12519,64,3,1047.38,0,1
12520,79,10,5268.52,0,0
12521,143,2,1199.36,1,1
12522,39,4,385.44,0,1
12523,19,34,6142.12,0,0
12524,9,25,15611.83,0,0
12525,498,3,973.73,1,1
12526,1,6,2633.32,0,0
12527,82,8,1084.22,0,0
12528,9,12,3866.96,0,0
12529,528,1,316.48,1,1
12530,60,13,5421.54,0,0
12531,15,3,2058.42,0,0
12532,30,2,699.6600000000001,0,1
12533,628,2,1367.89,1,1
12534,131,2,2178.36,1,1
12535,92,4,1432.7,1,1
12536,43,6,25203.660000000003,0,0
12537,409,1,732.94,1,1
12538,29,3,1004.4,0,1
12539,22,11,16783.1,0,0
12540,20,50,35654.73,0,0
12541,30,6,1962.36,0,0
12542,484,2,481.88,1,1
12543,448,1,980.25,1,1
12544,36,2,745.4,0,1
12545,75,4,2000.78,0,1
12546,47,4,2323.0,0,0
12547,198,5,591.38,1,1
12548,166,2,190.39999999999998,1,1
12549,576,6,1575.68,1,1
12550,79,2,1929.66,0,1
12551,358,2,336.0,1,1
12552,39,4,875.64,0,1
12553,8,22,8301.03,0,0
12554,449,1,468.5,1,1
12555,682,1,129.23,1,1
12556,50,4,1199.12,0,1
12557,16,13,30087.100000000002,0,0
12558,8,2,539.92,0,1
12559,311,4,1123.42,1,1
12560,5,6,4268.02,0,0
12561,303,2,477.7,1,1
12562,8,16,8748.66,0,0
12563,409,1,249.24,1,1
12564,261,2,913.8,1,1
12565,289,2,291.84,1,1
12566,86,2,703.3,0,1
12567,23,25,21168.76,0,0
12568,645,1,70.0,1,1
12569,2,64,8249.38,0,0
12570,682,1,77.52,1,1
12571,40,4,1039.22,0,1
12572,9,4,2040.84,0,0
12573,227,6,877.95,1,1
12574,316,2,436.9,1,1
12575,457,2,622.8199999999999,1,1
12576,36,13,3458.55,0,0
12577,35,11,2243.7,0,0
12578,21,6,7436.96,0,0
12579,78,2,880.84,0,1
12580,247,3,1468.6,1,1
12581,40,2,395.42,0,1
12582,239,6,2491.76,1,1
12583,3,42,20872.96,0,0
12584,4,18,4676.3,0,0
12585,234,4,4080.2,1,1
12586,17,5,2259.61,0,0
12587,8,2,288.0,0,1
12588,39,5,1173.68,0,0
12589,29,10,5342.34,0,0
12590,211,4,19728.52,1,0
12591,317,4,1791.8,1,1
12592,92,7,3020.2599999999998,1,0
12593,109,6,836.1999999999999,1,1
12594,38,25,8428.33,0,0
12595,505,1,299.02,1,1
12596,51,4,1236.54,0,1
12597,19,8,7622.44,0,0
12598,10,19,7557.17,0,0
12599,29,20,3329.3,0,0
12600,29,31,7566.46,0,0
12601,190,11,1258.32,1,1
12602,59,2,306.24,0,1
12603,22,2,1478.3999999999999,0,1
12604,79,4,508.36,0,1
12605,376,4,1232.95,1,1
12606,682,1,55.316,1,1
12607,60,2,3159.02,0,1
12608,405,1,415.79,1,1
12609,78,12,4562.71,0,0
12610,23,10,4199.08,0,0
12611,52,2,2386.64,0,1
12612,74,2,1408.0800000000002,0,1
12613,57,15,10161.75,0,0
12614,278,2,631.2,1,1
12615,2,12,8032.17,0,0
12616,95,5,1844.3999999999999,1,1
12617,29,2,705.96,0,1
12618,22,2,354.62,0,1
12619,16,19,7422.62,0,0
12620,15,6,2678.82,0,0
12621,2,55,38000.87,0,0
12622,232,2,360.2,1,1
12623,276,8,4052.94,1,0
12624,106,4,1282.26,1,1
12625,212,6,7848.7,1,0
12626,23,18,13240.96,0,0
12627,11,14,8957.06,0,0
12628,4,6,1572.92,0,0
12629,386,2,1558.22,1,1
12630,10,4,2541.76,0,0
12631,57,7,4122.07,0,0
12632,521,2,804.88,1,1
12633,59,11,7842.14,0,0
12634,536,2,490.0,1,1
12635,90,6,4619.59,0,0
12636,726,1,141.0,1,1
12637,67,20,14286.71,0,0
12638,33,3,1593.18,0,1
12639,239,4,1798.47,1,1
12640,24,6,2349.16,0,0
12641,115,2,371.8,1,1
12642,25,6,2026.52,0,0
12643,128,18,11649.46,1,0
12644,130,5,2396.4,1,1
12645,34,12,5314.4800000000005,0,0
12646,5,4,2693.94,0,0
12647,22,48,20678.37,0,0
12648,155,5,1430.05,1,1
12649,107,11,2918.16,1,0
12650,3,2,628.88,0,0
12651,335,5,491.75,1,1
12652,331,3,1937.01,1,1
12653,149,5,6370.68,1,0
12654,11,10,1203.96,0,0
12655,424,1,261.35,1,1
12656,17,13,10459.0,0,0
12657,11,8,3286.36,0,0
12658,19,2,1372.1,0,1
12659,30,2,183.36,0,1
12660,11,2,490.2,0,1
12661,436,1,162.0,1,1
12662,1,31,10576.32,0,0
12663,625,2,239.4,1,1
12664,8,20,10951.92,0,0
12665,325,4,376.6,1,1
12666,394,1,1248.42,1,1
12667,58,2,1240.26,0,1
12668,12,14,15190.18,0,0
12669,151,6,5488.0599999999995,1,0
12670,10,12,6756.34,0,0
12671,606,1,2622.481,1,1
12672,330,3,662.95,1,1
12673,5,5,1840.54,0,0
12674,39,8,3941.2,0,0
12675,554,2,957.25,1,1
12676,25,17,4174.48,0,0
12677,555,2,395.1,1,1
12678,42,33,43467.106499999914,0,0
12679,59,8,2226.04,0,0
12680,1,8,1743.62,0,0
12681,15,67,43467.106499999914,0,0
12682,4,72,35230.04,0,0
12683,4,36,20110.27,0,0
12684,8,14,4567.26,0,0
12685,28,12,5726.16,0,0
12686,372,2,178.28,1,1
12687,481,2,2138.91,1,1
12688,114,2,9747.619999999999,1,0
12689,26,4,2495.22,0,0
12690,206,2,778.02,1,1
12691,28,13,2206.2,0,0
12692,637,1,110.95,1,1
12693,127,11,2558.93,1,0
12694,70,5,2713.02,0,0
12695,7,11,1989.22,0,0
12696,435,2,851.91,1,1
12697,29,6,1915.18,0,0
12698,590,1,339.75,1,1
12699,418,1,638.11,1,1
12700,8,8,9879.98,0,0
12701,80,8,3244.12,0,0
12702,20,2,438.0,0,1
12703,71,5,1290.08,0,1
12704,7,16,4681.68,0,0
12705,15,23,18630.39,0,0
12707,292,2,1206.84,1,1
12708,30,28,7830.57,0,0
12709,15,49,39998.28,0,0
12710,97,6,2298.04,1,0
12711,612,2,1339.05,1,1
12712,29,34,11119.16,0,0
12713,1,2,1697.1,0,0
12714,9,17,18802.57,0,0
12715,106,2,686.72,1,1
12716,4,4,2106.98,0,0
12717,151,5,2339.89,1,1
12718,71,2,476.5,0,1
12719,5,4,1289.9,0,0
12720,3,55,13569.01,0,0
12721,32,14,6669.21,0,0
12722,85,8,1995.26,0,0
12723,4,10,1450.14,0,0
12724,5,11,3348.93,0,0
12725,371,5,2694.56,1,1
12726,28,18,6623.7,0,0
12727,11,17,9660.23,0,0
12728,71,9,1906.5,0,0
12729,114,2,906.02,1,1
12730,522,1,829.25,1,1
12731,24,29,43467.106499999914,0,0
12732,180,2,472.52000000000004,1,1
12733,234,5,2808.82,1,1
12734,353,4,750.05,1,1
12735,315,4,1559.1399999999999,1,1
12736,333,2,468.0,1,1
12737,499,2,3710.5,1,1
12738,372,2,310.7,1,1
12739,78,6,3739.77,0,0
12740,64,2,855.2,0,1
12741,529,2,406.07,1,1
12742,626,1,1201.52,1,1
12743,134,4,1080.26,1,1
12744,52,18,43467.106499999914,0,0
12745,487,3,925.41,1,1
12746,541,1,254.55,1,1
12747,2,37,13094.49,0,0
12748,1,72,43467.106499999914,0,0
12749,4,14,10988.24,0,0
12750,129,2,551.76,1,1
12751,445,1,268.27,1,1
12752,81,2,8733.56,0,0
12753,23,12,42858.78,0,0
12754,236,6,6021.48,1,0
12755,281,13,9048.21,1,0
12756,87,2,224.15999999999997,0,1
12757,16,26,15669.300000000001,0,0
12758,117,9,12694.83,1,0
12759,52,11,6552.18,0,0
12760,456,1,347.8,1,1
12761,458,2,782.95,1,1
12762,8,4,3797.04,0,0
12763,138,4,988.16,1,1
12764,317,2,3387.76,1,1
12765,472,6,1404.58,1,1
12766,4,16,15908.62,0,0
12767,376,1,949.82,1,1
12768,451,1,168.69000000000003,1,1
12769,239,2,2287.2,1,1
12770,211,3,4597.9,1,1
12771,486,1,282.3,1,1
12772,60,2,1784.94,0,1
12773,564,1,124.25,1,1
12774,536,1,98.7,1,1
12775,17,12,3072.16,0,0
12776,668,1,55.5,1,1
12777,458,1,519.45,1,1
12778,20,15,2597.91,0,0
12779,38,22,10455.47,0,0
12780,599,1,337.4,1,1
12781,64,4,1653.48,0,1
12782,5,16,6949.16,0,0
12783,2,12,4451.82,0,0
12784,9,5,2295.97,0,0
12785,364,4,1412.35,1,1
12786,610,1,728.5,1,1
12787,10,7,1325.84,0,0
12788,463,4,444.9,1,1
12789,65,4,365.2,0,1
12790,192,3,916.77,1,1
12791,374,7,1056.1100000000001,1,1
12792,257,3,1227.55,1,1
12793,335,5,1431.01,1,1
12794,53,4,1720.82,0,1
12795,19,2,860.96,0,1
12796,628,1,381.0,1,1
12797,366,3,806.11,1,1
12798,10,7,15487.97,0,0
12799,529,1,219.35,1,1
12800,470,3,584.25,1,1
12801,501,1,1071.82,1,1
12802,187,8,2844.0,1,0
12803,393,1,1092.81,1,1
12804,466,2,325.37,1,1
12805,382,4,1434.95,1,1
12806,435,4,2878.96,1,1
12807,383,1,330.35,1,1
12808,37,8,1260.35,0,0
12809,178,4,2245.25,1,1
12810,535,2,534.99,1,1
12811,261,8,1548.75,1,1
12812,45,2,459.28000000000003,0,1
12813,502,3,1687.8,1,1
12814,102,2,251.84,1,1
12815,148,4,2126.92,1,1
12816,96,4,1144.4,1,1
12817,281,4,857.02,1,1
12818,262,2,3084.16,1,1
12819,458,1,540.52,1,1
12820,3,15,3631.86,0,0
12821,214,3,313.52,1,1
12822,71,4,1897.76,0,1
12823,75,23,8261.0,0,0
12824,60,2,794.24,0,1
12825,521,2,518.63,1,1
12826,3,19,4275.47,0,0
12827,6,6,860.3000000000001,0,0
12828,3,12,2037.42,0,0
12829,337,5,678.3,1,1
12830,38,12,13629.28,0,0
12831,262,4,666.16,1,1
12832,32,4,766.06,0,1
12833,145,2,834.76,1,1
12834,283,2,624.76,1,1
12835,428,41,5996.83,1,0
12836,59,19,9170.09,0,0
12837,173,3,796.76,1,1
12838,34,12,3647.86,0,0
12839,3,40,15260.54,0,0
12840,144,11,6768.74,1,0
12841,5,65,10949.78,0,0
12842,70,6,3036.98,0,0
12843,66,38,8285.62,0,0
12844,29,6,974.5600000000001,0,0
12845,267,8,708.18,1,1
12846,682,1,55.316,1,1
12847,22,3,2452.64,0,0
12848,676,1,208.0,1,1
12849,31,8,4052.7599999999998,0,0
12850,446,1,330.0,1,1
12851,97,3,412.57,1,1
12852,295,2,623.1,1,1
12853,135,17,5864.6,1,0
12854,79,10,4287.22,0,0
12855,373,5,650.94,1,1
12856,8,12,4341.56,0,0
12857,211,8,4794.4,1,0
12858,383,1,147.27,1,1
12859,459,1,575.1,1,1
12860,693,1,55.316,1,1
12861,620,1,68.25,1,1
12862,426,2,984.62,1,1
12863,52,7,3313.75,0,0
12864,138,3,446.69,1,1
12865,26,6,4891.7,0,0
12866,283,4,1786.47,1,1
12867,26,20,11838.6,0,0
12868,186,14,3650.82,1,0
12869,682,1,337.66999999999996,1,1
12870,375,3,1676.95,1,1
12871,84,5,1124.6599999999999,0,1
12872,327,14,3883.93,1,0
12873,282,4,2401.3,1,1
12874,385,2,948.42,1,1
12875,143,7,1700.22,1,1
12876,58,6,6299.81,0,0
12877,4,32,4477.91,0,0
12878,236,4,1709.98,1,1
12879,45,6,1146.44,0,0
12880,382,2,640.13,1,1
12881,276,2,596.0,1,1
12882,9,4,2926.08,0,0
12883,25,8,1406.94,0,0
12884,88,2,618.1,0,1
12885,63,6,2350.44,0,0
12886,68,4,2756.8,0,0
12887,384,1,222.4,1,1
12888,214,4,708.24,1,1
12889,381,4,385.46000000000004,1,1
12890,24,3,1082.74,0,1
12891,186,14,1171.5,1,0
12892,397,1,263.38,1,1
12893,31,2,353.1,0,1
12894,575,1,157.35,1,1
12895,42,4,745.6,0,1
12897,205,6,730.75,1,1
12898,464,2,296.21000000000004,1,1
12899,414,1,366.4,1,1
12900,422,1,340.33,1,1
12901,9,56,35309.08,0,0
12902,265,2,277.36,1,1
12903,429,1,833.53,1,1
12904,18,4,992.12,0,0
12905,577,2,1018.42,1,1
12906,12,10,5839.62,0,0
12907,396,2,508.91,1,1
12908,176,7,2526.0,1,0
12909,40,13,5252.16,0,0
12910,23,21,8871.56,0,0
12911,552,1,1651.72,1,1
12912,3,10,3324.6,0,0
12913,5,18,8766.87,0,0
12914,401,1,223.98,1,1
12915,149,6,1338.75,1,1
12916,139,11,7424.68,1,0
12917,128,7,4953.2,1,0
12918,626,1,10953.5,1,1
12919,8,12,2670.38,0,0
12920,17,5,649.42,0,0
12921,9,72,43467.106499999914,0,0
12922,161,2,810.76,1,1
12923,64,4,943.24,0,1
12924,88,16,3403.1,0,0
12925,5,5,1423.3799999999999,0,0
12926,411,4,1523.97,1,1
12927,395,1,197.31,1,1
12928,35,17,6367.59,0,0
12929,312,2,235.7,1,1
12930,78,4,831.6,0,1
12931,22,72,43467.106499999914,0,0
12932,539,8,1698.56,1,1
12933,24,11,2244.16,0,0
12934,726,1,181.65,1,1
12935,2,22,6404.56,0,0
12936,17,8,2127.8,0,0
12937,15,13,4601.88,0,0
12938,26,2,228.28,0,1
12939,64,28,36846.6,0,0
12940,55,4,1799.38,0,1
12941,724,1,377.49,1,1
12942,131,6,1351.2,1,1
12943,558,2,496.5,1,1
12944,36,4,1209.02,0,1
12945,288,3,1363.06,1,1
12946,437,1,324.45,1,1
12947,144,12,3207.98,1,0
12948,16,16,4382.38,0,0
12949,31,30,19693.920000000002,0,0
12950,2,6,3686.0,0,0
12951,9,21,4277.79,0,0
12952,6,8,2775.58,0,0
12953,10,3,1158.66,0,0
12954,639,1,162.45,1,1
12955,1,22,9514.32,0,0
12956,306,5,629.96,1,1
12957,10,21,12724.51,0,0
12958,400,2,467.34,1,1
12959,484,1,150.95,1,1
12960,414,4,1322.07,1,1
12961,379,1,211.99,1,1
12962,7,4,532.78,0,0
12963,8,20,5092.42,0,0
12964,437,1,132.24,1,1
12965,89,2,1539.6200000000001,0,1
12966,10,2,320.36,0,1
12967,358,5,4599.42,1,1
12968,112,2,271.9,1,1
12969,603,1,122.45,1,1
12970,7,14,1859.07,0,0
12971,4,72,26894.510000000002,0,0
12972,414,4,1161.2,1,1
12973,414,1,385.55,1,1
12974,198,3,553.75,1,1
12975,437,6,2100.09,1,1
12976,212,9,3894.98,1,0
12977,156,5,553.12,1,1
12978,385,5,2502.82,1,1
12979,726,1,517.7,1,1
12980,158,30,23620.68,1,0
12981,30,4,744.4399999999999,0,1
12982,243,9,3135.35,1,0
12983,598,1,490.08000000000004,1,1
12984,19,2,195.0,0,1
12985,1,4,2478.76,0,0
12986,429,10,2729.84,1,1
12987,74,7,1870.91,0,0
12988,292,2,1011.64,1,1
12989,3,48,20475.86,0,0
12990,31,10,1365.0,0,0
12991,23,5,1268.58,0,0
12992,725,1,93.35000000000001,1,1
12993,23,12,1674.3899999999999,0,0
12994,4,6,1948.8400000000001,0,0
12995,85,2,422.64,0,1
12996,376,1,355.5,1,1
12997,22,12,3337.8,0,0
12998,493,3,920.08,1,1
12999,196,6,911.76,1,1
13000,107,7,1567.3500000000001,1,0
13001,4,46,33828.62,0,0
13002,318,4,535.08,1,1
13003,106,6,298.1,1,1
13004,12,54,17306.76,0,0
13005,174,6,1513.38,1,1
13006,56,2,163.14,0,1
13007,580,1,175.25,1,1
13008,323,4,841.5999999999999,1,1
13009,673,1,234.0,1,1
13010,374,2,330.12,1,1
13011,372,2,101.10000000000001,1,1
13012,9,19,4604.67,0,0
13013,1,42,15908.37,0,0
13014,11,21,8847.36,0,0
13015,53,16,9919.42,0,0
13016,73,6,1579.78,0,0
13017,7,2,408.0,0,1
13018,16,63,17040.86,0,0
13019,379,6,1229.95,1,1
13020,563,2,618.96,1,1
13021,4,26,7503.62,0,0
13022,430,1,65.3,1,1
13023,64,5,2138.93,0,0
13024,471,2,555.87,1,1
13025,726,1,323.39,1,1
13026,1,14,2708.44,0,0
13027,114,25,24151.2,1,0
13028,23,4,1322.6399999999999,0,0
13029,31,8,3174.7999999999997,0,0
13030,11,4,1504.8799999999999,0,0
13031,407,5,3292.84,1,1
13032,52,11,3826.14,0,0
13033,357,3,411.1,1,1
13034,55,5,1399.59,0,1
13035,74,5,2286.08,0,0
13036,685,1,307.1,1,1
13037,138,15,4796.02,1,0
13038,80,6,1816.92,0,0
13039,584,4,1010.73,1,1
13040,9,4,1353.98,0,0
13041,451,4,799.13,1,1
13042,598,3,1488.59,1,1
13043,273,2,1032.84,1,1
13044,291,12,5408.52,1,0
13045,99,4,1114.2,1,1
13046,31,5,1578.56,0,0
13047,32,34,11666.07,0,0
13048,14,13,5868.54,0,0
13049,64,6,2064.92,0,0
13050,15,52,17823.38,0,0
13051,579,2,155.8,1,1
13052,212,8,3467.48,1,0
13053,622,1,127.65,1,1
13055,78,7,3535.52,0,0
13056,551,1,209.48,1,1
13057,530,3,709.59,1,1
13058,25,6,542.8000000000001,0,1
13059,250,11,2475.17,1,0
13060,254,2,615.06,1,1
13061,72,2,497.22,0,1
13062,191,2,693.96,1,1
13063,481,1,188.4,1,1
13064,13,10,2772.43,0,0
13065,373,6,1260.91,1,1
13066,24,4,941.6,0,1
13067,82,4,623.97,0,1
13068,10,4,688.0,0,0
13069,1,62,13715.89,0,0
13070,192,5,980.5,1,1
13071,612,1,129.22,1,1
13072,267,2,354.3,1,1
13073,411,2,418.08,1,1
13074,511,4,1378.74,1,1
13075,130,2,1839.22,1,1
13076,458,1,135.4,1,1
13077,1,15,3468.67,0,0
13078,3,72,41646.0,0,0
13079,4,11,639.28,0,0
13080,179,5,338.81,1,1
13081,12,39,43467.106499999914,0,0
13082,126,30,10949.38,1,0
13083,4,5,699.18,0,0
13084,492,1,122.39999999999999,1,1
13085,158,10,2849.36,1,0
13086,383,1,439.33000000000004,1,1
13087,726,1,313.64,1,1
13088,417,1,236.11,1,1
13089,3,72,43467.106499999914,0,0
13090,9,38,22002.56,0,0
13091,28,4,2667.64,0,0
13092,71,17,2618.11,0,0
13093,276,63,43467.106499999914,1,0
13094,21,25,4136.76,0,0
13095,71,2,148.79999999999998,0,1
13096,394,1,419.70000000000005,1,1
13097,33,38,19327.32,0,0
13098,1,56,43467.106499999914,0,0
13099,99,2,414.71999999999997,1,1
13101,234,5,796.59,1,1
13102,1,61,17804.19,0,0
13103,40,4,953.58,0,1
13104,3,15,2807.58,0,0
13105,436,1,72.0,1,1
13106,133,3,679.96,1,1
13107,44,13,6784.6900000000005,0,0
13108,373,3,1098.52,1,1
13109,60,5,1920.57,0,0
13110,31,19,4446.14,0,0
13111,719,1,321.88000000000005,1,1
13112,541,1,55.316,1,1
13113,1,61,30476.03,0,0
13114,726,1,234.38,1,1
13115,12,14,7789.4800000000005,0,0
13116,138,2,1002.28,1,1
13117,22,26,3240.57,0,0
13118,20,14,3613.2200000000003,0,0
13119,669,1,134.9,1,1
13120,239,2,61.199999999999996,1,1
13121,269,2,567.46,1,1
13122,94,4,1844.78,1,1
13123,473,2,506.75,1,1
13124,90,7,8397.99,0,0
13125,524,1,148.62,1,1
13126,5,21,5874.45,0,0
13127,78,2,518.34,0,1
13128,631,1,263.5,1,1
13129,452,2,233.25,1,1
13130,94,2,128.0,1,1
13131,23,10,4387.07,0,0
13132,262,2,154.6,1,1
13133,274,5,310.25,1,1
13134,86,10,4268.81,0,0
13135,197,3,6467.45,1,1
13136,56,18,8882.17,0,0
13137,11,24,11190.23,0,0
13138,22,13,2236.4,0,0
13139,16,15,13267.92,0,0
13140,108,8,1477.39,1,0
13141,85,22,10044.83,0,0
13142,19,2,614.18,0,1
13143,585,1,405.1,1,1
13144,333,3,246.3,1,1
13145,40,11,1747.04,0,0
13146,26,2,457.82,0,1
13147,10,8,1425.6000000000001,0,0
13148,29,38,12181.08,0,0
13149,14,8,3352.12,0,0
13150,484,3,449.96999999999997,1,1
13151,296,4,3723.08,1,1
13152,417,7,2146.38,1,1
13153,6,2,972.44,0,0
13154,399,3,1624.84,1,1
13155,33,10,2342.2400000000002,0,0
13156,385,3,1586.54,1,1
13157,49,13,7428.58,0,0
13158,95,9,2709.2400000000002,1,0
13159,9,8,2858.7,0,0
13160,22,2,183.6,0,1
13161,313,3,584.88,1,1
13162,122,20,10963.78,1,0
13163,610,1,55.316,1,1
13164,569,2,372.2,1,1
13165,46,5,2472.64,0,0
13166,283,3,1293.1299999999999,1,1
13167,19,9,1916.48,0,0
13168,36,9,3140.32,0,0
13169,64,5,1552.96,0,1
13170,27,2,217.62,0,1
13171,22,6,936.82,0,0
13172,400,1,69.6,1,1
13173,4,13,2753.4700000000003,0,0
13174,16,15,10738.18,0,0
13175,582,2,831.45,1,1
13176,46,2,962.98,0,1
13177,65,3,794.6500000000001,0,1
13178,26,32,19784.66,0,0
13179,619,1,572.3100000000001,1,1
13180,607,1,86.10000000000001,1,1
13181,381,1,359.69,1,1
13182,45,2,242.36,0,1
13183,8,24,10993.960000000001,0,0
13184,15,20,3337.9,0,0
13185,268,2,142.8,1,1
13186,40,6,3151.78,0,0
13187,337,5,577.38,1,1
13188,11,2,229.20000000000002,0,1
13189,19,4,521.36,0,1
13190,544,3,570.66,1,1
13191,658,1,164.69,1,1
13192,95,8,3470.52,1,0
13193,61,2,224.16,0,1
13194,136,3,533.48,1,1
13195,414,1,136.73,1,1
13196,11,11,4866.62,0,0
13197,610,1,373.01000000000005,1,1
13198,10,14,8375.47,0,0
13199,4,72,25781.33,0,0
13200,19,8,1740.18,0,0
13201,502,4,1233.06,1,1
13202,394,7,1580.3,1,1
13203,10,14,3517.71,0,0
13204,726,1,966.6600000000001,1,1
13205,443,1,2803.2,1,1
13206,400,13,8308.19,1,0
13207,15,6,786.1200000000001,0,0
13208,59,15,3193.95,0,0
13209,30,21,14401.12,0,0
13210,94,2,706.96,1,1
13211,10,13,3714.19,0,0
13212,20,6,1573.66,0,0
13213,57,16,5372.1,0,0
13214,418,7,3264.23,1,1
13215,402,1,81.6,1,1
13216,268,2,667.48,1,1
13217,122,7,1200.46,1,1
13218,127,2,125.27999999999999,1,1
13219,618,1,76.23,1,1
13220,78,9,2155.38,0,0
13221,240,4,1694.82,1,1
13222,577,1,88.5,1,1
13223,200,8,1132.3200000000002,1,1
13224,60,4,4311.9,0,0
13225,3,23,22723.91,0,0
13226,273,3,420.67,1,1
13227,202,2,515.4,1,1
13228,81,2,716.0,0,1
13229,226,2,321.9,1,1
13230,4,44,8875.64,0,0
13232,13,14,2656.7,0,0
13233,74,6,1781.58,0,0
13234,673,2,346.5,1,1
13235,212,2,2062.14,1,1
13236,25,4,1489.7,0,0
13237,388,1,643.0,1,1
13238,17,10,1707.3600000000001,0,0
13239,262,6,1924.25,1,1
13240,96,12,2139.44,1,0
13241,412,1,112.53,1,1
13242,112,10,969.8000000000001,1,0
13243,203,6,1805.5,1,1
13244,93,2,243.48000000000002,1,1
13245,51,3,1419.72,0,1
13246,18,17,5313.2699999999995,0,0
13247,18,8,1002.24,0,0
13248,125,4,931.36,1,1
13249,92,12,2320.34,1,0
13250,461,2,253.09,1,1
13251,402,1,252.68,1,1
13252,394,2,399.3,1,1
13253,157,6,3981.51,1,0
13254,376,1,55.316,1,1
13255,9,5,1078.27,0,0
13257,436,1,149.75,1,1
13258,12,8,1682.26,0,0
13259,62,10,1685.72,0,0
13260,61,2,1115.24,0,1
13261,269,4,1888.2,1,1
13262,263,4,773.74,1,1
13263,1,72,16113.13,0,0
13264,443,1,722.5600000000001,1,1
13265,53,10,4185.32,0,0
13266,11,31,9969.3,0,0
13267,3,55,13951.300000000001,0,0
13268,18,22,6349.5,0,0
13269,1,43,13880.6,0,0
13270,366,2,1180.0,1,1
13271,37,2,422.98,0,1
13272,31,4,553.12,0,1
13273,113,2,277.96,1,1
13274,409,1,360.85,1,1
13275,384,2,238.86,1,1
13276,64,7,2482.84,0,0
13277,16,11,781.7,0,0
13278,41,5,1978.58,0,0
13279,78,2,275.5,0,1
13280,122,10,3091.79,1,0
13281,439,1,350.85,1,1
13282,18,7,2445.33,0,0
13283,60,6,467.02,0,1
13284,331,2,402.38,1,1
13285,23,10,6073.71,0,0
13286,600,1,734.91,1,1
13287,603,3,781.59,1,1
13288,443,5,927.61,1,1
13289,724,1,307.95,1,1
13290,438,1,208.63,1,1
13291,156,12,3631.9,1,0
13292,39,7,1573.45,0,0
13293,392,6,1192.94,1,1
13294,190,5,2563.27,1,1
13295,360,5,1303.17,1,1
13296,137,7,879.91,1,1
13297,8,11,6458.47,0,0
13298,1,2,720.0,0,0
13299,268,4,1361.2,1,1
13300,169,4,1657.4,1,1
13301,104,8,1236.18,1,1
13302,155,3,222.95,1,1
13303,400,1,61.72,1,1
13304,351,5,1518.41,1,1
13305,4,26,5617.2699999999995,0,0
13306,430,1,55.316,1,1
13307,120,4,288.34,1,1
13308,23,7,3055.88,0,0
13309,7,11,3163.16,0,0
13310,28,8,2673.23,0,0
13311,4,4,1197.14,0,0
13312,451,1,124.75,1,1
13313,22,17,5000.64,0,0
13314,2,6,1551.88,0,0
13315,689,1,310.26,1,1
13316,37,14,18673.75,0,0
13317,66,25,8759.771,0,0
13318,1,6,1281.52,0,0
13319,5,72,32168.77,0,0
13320,78,10,3743.8,0,0
13321,72,4,1134.72,0,1
13322,17,2,398.96000000000004,0,1
13323,3,10,1575.7,0,0
13324,36,28,17635.42,0,0
13325,82,2,1350.6,0,1
13326,432,1,281.76,1,1
13327,39,28,12762.25,0,0
13328,316,2,2616.96,1,1
13329,32,10,5597.77,0,0
13330,93,9,3937.03,1,0
13331,402,1,262.4,1,1
13332,14,2,701.8,0,1
13333,411,3,1015.74,1,1
13334,82,8,9704.12,0,0
13336,77,2,1590.24,0,1
13337,546,1,1575.26,1,1
13338,158,5,2932.64,1,1
13339,201,2,1720.24,1,1
13340,45,19,32837.04,0,0
13341,261,2,1551.7,1,1
13343,178,2,706.86,1,1
13344,68,6,5023.38,0,0
13345,288,2,779.0,1,1
13346,463,6,299.4,1,1
13347,70,2,682.72,0,1
13348,64,2,467.52,0,1
13349,11,2,494.64,0,1
13350,16,4,1958.24,0,0
13351,66,2,747.88,0,1
13352,60,2,795.9599999999999,0,1
13354,71,2,1487.06,0,1
13355,122,2,1349.4,1,1
13356,80,2,1536.48,0,1
13357,257,6,4414.91,1,0
13358,269,2,878.06,1,1
13359,64,3,1482.8700000000001,0,1
13360,432,4,1553.65,1,1
13361,472,2,1450.5,1,1
13362,9,11,8484.81,0,0
13363,18,5,2716.36,0,0
13364,71,2,269.91999999999996,0,1
13365,34,4,4450.74,0,0
13366,50,2,112.32000000000001,0,1
13367,432,1,510.20000000000005,1,1
13368,257,6,1744.9,1,1
13369,366,2,616.5600000000001,1,1
13370,372,2,1509.74,1,1
13371,505,2,2297.66,1,1
13372,90,2,757.28,0,1
13373,61,9,10899.44,0,0
13374,415,2,422.8,1,1
13375,89,3,2570.88,0,1
13376,99,6,2039.52,1,0
13377,397,2,1552.88,1,1
13379,26,6,1145.12,0,0
13380,433,1,62.4,1,1
13381,32,18,11863.68,0,0
13382,281,6,1610.57,1,1
13383,544,1,305.28000000000003,1,1
13384,31,18,10832.76,0,0
13385,330,2,1069.14,1,1
13386,414,2,835.46,1,1
13387,417,1,186.94,1,1
13388,131,5,1862.75,1,1
13389,11,6,1595.92,0,0
13390,75,2,1088.16,0,1
13391,204,2,119.6,1,1
13392,677,1,91.14,1,1
13393,584,4,1131.45,1,1
13394,2,27,9141.72,0,0
13395,185,4,1487.95,1,1
13396,29,4,2721.98,0,0
13397,73,15,4736.0,0,0
13398,192,3,1127.68,1,1
13399,464,3,275.4,1,1
13400,583,1,310.83,1,1
13402,127,6,1848.08,1,1
13403,18,4,304.5,0,1
13404,1,4,504.98,0,0
13405,74,9,1786.262,0,0
13406,427,2,568.92,1,1
13407,579,3,2244.7,1,1
13408,2,72,43467.106499999914,0,0
13410,24,14,3205.02,0,0
13411,107,2,427.1,1,1
13412,620,1,487.34999999999997,1,1
13413,640,6,429.44,1,1
13414,134,9,3884.64,1,0
13415,473,4,784.17,1,1
13416,44,5,1653.3,0,0
13417,5,8,2310.32,0,0
13418,12,49,17687.09,0,0
13419,64,2,442.12,0,1
13420,150,4,319.7,1,1
13421,40,10,5892.46,0,0
13422,64,2,5252.6,0,0
13423,429,1,217.03,1,1
13424,450,1,572.77,1,1
13425,108,8,5014.64,1,0
13426,1,32,11808.7,0,0
13427,19,9,1589.13,0,0
13428,10,4,680.32,0,0
13429,11,8,2013.6,0,0
13430,19,4,1358.9,0,0
13431,67,10,4585.34,0,0
13432,571,2,439.1,1,1
13433,501,4,658.3199999999999,1,1
13434,74,7,2201.1000000000004,0,0
13435,5,16,8257.22,0,0
13436,2,2,393.78,0,0
13437,14,14,6816.12,0,0
13438,547,1,55.316,1,1
13439,255,4,1270.32,1,1
13440,423,7,1295.25,1,1
13441,92,3,1017.54,1,1
13442,667,3,419.87,1,1
13443,449,6,1273.16,1,1
13444,374,2,619.08,1,1
13445,626,1,241.89999999999998,1,1
13446,430,11,3881.89,1,0
13447,23,6,2258.28,0,0
13448,17,19,12280.62,0,0
13449,24,2,583.76,0,1
13450,27,19,6163.76,0,0
13451,26,16,9988.32,0,0
13452,259,5,1319.8,1,1
13453,166,5,1138.67,1,1
13454,641,1,219.87,1,1
13455,25,8,3271.33,0,0
13456,18,12,3533.44,0,0
13457,689,2,148.22,1,1
13458,7,30,21605.84,0,0
13459,625,2,1160.4099999999999,1,1
13460,29,4,366.88,0,1
13461,39,9,5605.0,0,0
13462,253,6,1305.3500000000001,1,1
13464,58,7,3772.32,0,0
13465,446,2,931.12,1,1
13466,184,6,1321.25,1,1
13467,11,4,2143.82,0,0
13468,2,72,18498.25,0,0
13469,653,1,82.4,1,1
13470,99,4,330.0,1,1
13471,1,8,5003.68,0,0
13472,464,2,592.24,1,1
13473,61,10,3080.4,0,0
13474,236,4,873.43,1,1
13475,191,8,2863.56,1,0
13476,179,7,3299.94,1,0
13477,38,17,4273.75,0,0
13478,469,5,2215.78,1,1
13479,201,6,1152.32,1,1
13480,417,2,627.82,1,1
13481,46,16,5635.4,0,0
13482,232,3,520.73,1,1
13483,66,2,280.68,0,1
13484,241,4,1104.52,1,1
13485,233,12,3473.46,1,0
13486,78,6,2244.82,0,0
13487,58,8,1422.27,0,0
13488,17,36,23174.27,0,0
13489,105,8,899.04,1,1
13490,654,1,154.25,1,1
13491,52,37,5683.4800000000005,0,0
13492,136,6,2539.68,1,0
13493,275,4,1237.26,1,1
13494,312,2,632.5200000000001,1,1
13495,8,15,6908.18,0,0
13496,11,4,1306.66,0,0
13497,283,8,1514.88,1,1
13498,726,1,327.38,1,1
13499,18,10,2318.22,0,0
13500,23,7,2633.07,0,0
13501,288,4,4225.43,1,1
13502,17,8,1072.5,0,0
13503,71,7,2076.09,0,0
13504,64,2,591.86,0,1
13505,73,8,8787.26,0,0
13506,316,7,1796.6,1,1
13507,3,8,4958.32,0,0
13508,244,3,398.02,1,1
13509,9,15,2094.44,0,0
13510,1,15,6349.85,0,0
13511,677,1,282.76,1,1
13512,261,5,964.6,1,1
13513,127,4,1029.69,1,1
13514,74,5,968.1,0,1
13515,73,10,2156.94,0,0
13516,21,7,3074.67,0,0
13517,60,6,4256.84,0,0
13518,86,2,1254.32,0,1
13519,78,3,465.96000000000004,0,1
13520,59,17,10230.35,0,0
13521,1,6,2143.46,0,0
13522,30,2,251.60000000000002,0,1
13523,33,11,8499.45,0,0
13524,41,10,1360.3600000000001,0,0
13525,15,4,1257.56,0,0
13526,726,2,1182.0,1,1
13527,34,19,6783.65,0,0
13529,79,4,615.52,0,1
13530,634,1,402.97999999999996,1,1
13531,205,8,1916.8700000000001,1,1
13532,34,2,420.62,0,1
13533,183,6,538.18,1,1
13534,2,60,13590.98,0,0
13535,403,1,89.5,1,1
13536,1,14,6888.78,0,0
13537,426,2,717.85,1,1
13538,43,19,4383.9800000000005,0,0
13539,86,10,2200.7,0,0
13540,467,3,632.39,1,1
13541,427,2,785.25,1,1
13542,377,17,3959.4900000000002,1,0
13543,634,2,1439.6100000000001,1,1
13544,40,8,1066.26,0,0
13545,391,2,364.93,1,1
13546,12,8,1707.33,0,0
13547,408,1,167.08,1,1
13548,96,5,1579.6,1,1
13549,26,15,1924.0,0,0
13550,383,1,342.55,1,1
13551,319,3,336.0,1,1
13552,66,34,10688.99,0,0
13553,675,1,499.6,1,1
13554,380,7,1629.35,1,1
13555,74,17,12990.72,0,0
13556,429,2,200.82,1,1
13557,28,15,3616.32,0,0
13558,6,8,1189.04,0,0
13559,513,2,990.0,1,1
13560,7,2,342.84000000000003,0,1
13561,216,12,1945.26,1,0
13562,82,11,6637.51,0,0
13563,84,4,1555.06,0,1
13564,144,40,18223.64,1,0
13565,19,5,655.02,0,0
13566,41,7,2545.44,0,0
13567,428,4,1079.29,1,1
13568,173,2,374.1,1,1
13569,17,6,1065.16,0,0
13570,243,2,478.98,1,1
13571,13,38,6626.2,0,0
13572,206,2,2768.5,1,1
13573,50,8,1194.77,0,0
13574,411,1,404.45,1,1
13575,23,10,1464.1399999999999,0,0
13576,10,46,17919.93,0,0
13577,25,15,5176.88,0,0
13578,409,1,147.66,1,1
13579,15,7,1841.38,0,0
13580,406,1,107.75,1,1
13581,309,3,398.53000000000003,1,1
13582,390,2,241.68,1,1
13583,156,3,2226.061,1,1
13584,307,4,528.1,1,1
13585,531,3,684.54,1,1
13586,541,1,127.28,1,1
13587,64,5,2385.9,0,0
13588,16,18,4957.9,0,0
13589,15,8,1500.39,0,0
13590,11,24,8317.960000000001,0,0
13591,65,10,3211.07,0,0
13592,36,8,495.91999999999996,0,1
13593,108,19,7505.17,1,0
13594,53,3,930.29,0,1
13595,517,3,784.48,1,1
13596,6,4,1328.22,0,0
13597,400,2,396.71,1,1
13598,47,6,922.0,0,1
13599,1,54,14960.960000000001,0,0
13600,312,3,737.94,1,1
13601,45,6,1853.31,0,0
13602,65,5,1454.06,0,1
13603,26,2,328.68,0,1
13604,659,1,717.62,1,1
13605,387,2,522.67,1,1
13606,29,6,553.5,0,1
13607,40,3,1751.32,0,1
13608,541,1,232.05,1,1
13609,593,1,167.35,1,1
13610,12,21,3186.04,0,0
13611,89,13,4452.33,0,0
13612,633,1,818.29,1,1
13613,453,5,1039.8500000000001,1,1
13614,24,10,3918.2,0,0
13615,319,9,6690.22,1,0
13616,568,2,283.85,1,1
13617,40,11,1822.93,0,0
13618,174,2,354.68,1,1
13619,545,2,224.94,1,1
13620,528,1,112.34,1,1
13621,117,2,427.7,1,1
13622,696,1,658.95,1,1
13623,31,15,3260.8,0,0
13624,388,1,462.08,1,1
13625,597,1,301.26,1,1
13626,253,3,964.27,1,1
13627,59,12,3884.37,0,0
13628,676,1,310.14,1,1
13629,23,30,21163.22,0,0
13630,5,14,4063.56,0,0
13631,100,22,6140.84,1,0
13632,25,13,5764.74,0,0
13634,33,21,6581.13,0,0
13635,68,5,4070.19,0,0
13636,37,10,1898.24,0,0
13637,52,6,1608.6,0,0
13638,16,2,245.28,0,1
13639,74,3,2379.61,0,1
13640,611,1,405.0,1,1
13641,641,5,1016.47,1,1
13642,216,5,784.48,1,1
13643,31,13,2676.21,0,0
13644,16,8,5248.52,0,0
13645,120,2,504.2,1,1
13646,400,2,326.25,1,1
13647,10,12,4689.8,0,0
13648,400,8,1764.02,1,1
13649,257,8,1800.28,1,1
13650,17,16,5124.34,0,0
13651,35,5,321.05,0,1
13652,46,8,3357.13,0,0
13653,488,1,152.2,1,1
13654,43,17,9015.33,0,0
13655,114,8,3213.48,1,0
13656,165,6,1458.5,1,1
13657,11,4,764.28,0,0
13658,10,14,8664.67,0,0
13659,206,14,6447.68,1,0
13660,400,1,306.64,1,1
13661,603,1,325.24,1,1
13662,86,14,3114.87,0,0
13663,179,6,2236.98,1,1
13665,386,3,1711.6599999999999,1,1
13666,60,8,212.55,0,1
13667,149,2,598.1,1,1
13668,3,56,19258.31,0,0
13669,51,5,632.1,0,1
13670,75,2,699.4,0,1
13671,395,1,172.6,1,1
13672,301,5,606.3100000000001,1,1
13673,19,4,774.88,0,1
13674,433,1,240.68,1,1
13675,151,4,973.6400000000001,1,1
13676,539,2,243.9,1,1
13677,405,2,551.24,1,1
13678,152,2,465.2,1,1
13679,494,3,281.26,1,1
13680,1,16,15138.79,0,0
13681,18,8,1655.66,0,0
13682,187,2,119.0,1,1
13683,458,1,258.6,1,1
13684,286,5,660.01,1,1
13685,3,14,6238.88,0,0
13686,183,4,481.04,1,1
13687,438,1,11880.84,1,1
13688,635,1,375.5,1,1
13689,63,3,2169.5,0,1
13690,59,2,344.5,0,1
13691,396,1,212.78,1,1
13692,25,8,4602.72,0,0
13693,374,9,2011.82,1,1
13694,4,72,43467.106499999914,0,0
13695,31,31,5274.86,0,0
13696,422,3,2020.4,1,1
13697,39,2,302.59999999999997,0,1
13698,597,2,451.73,1,1
13699,155,3,1072.73,1,1
13700,26,23,4845.6,0,0
13701,447,1,161.0,1,1
13702,446,1,135.18,1,1
13703,318,3,525.06,1,1
13704,5,18,4616.12,0,0
13705,8,10,2429.05,0,0
13706,303,3,961.96,1,1
13707,267,7,4172.27,1,0
13708,271,2,570.66,1,1
13709,4,31,13879.0,0,0
13710,32,4,690.0,0,1
13711,219,11,2044.3200000000002,1,0
13712,247,3,995.26,1,1
13713,408,3,740.76,1,1
13714,465,1,161.35,1,1
13715,281,22,9230.43,1,0
13716,269,2,276.56,1,1
13717,32,14,3208.31,0,0
13718,246,4,613.1,1,1
13719,15,16,3824.76,0,0
13720,117,8,1599.8,1,0
13721,36,3,1265.68,0,1
13722,132,13,8010.820000000001,1,0
13723,217,7,1393.93,1,1
13724,637,1,213.01,1,1
13725,50,16,3961.12,0,0
13726,39,4,2159.3199999999997,0,0
13727,29,10,1407.63,0,0
13728,37,22,3871.31,0,0
13729,436,3,724.73,1,1
13730,136,4,1505.2,1,1
13731,219,4,1221.18,1,1
13732,28,2,983.72,0,1
13733,411,2,487.03000000000003,1,1
13734,509,4,6695.6900000000005,1,1
13735,25,17,12646.31,0,0
13736,5,9,3482.27,0,0
13737,200,2,679.1999999999999,1,1
13738,396,1,434.78000000000003,1,1
13739,18,3,509.1,0,1
13740,241,6,1933.52,1,1
13741,72,6,1336.8600000000001,0,1
13742,17,24,6215.74,0,0
13743,3,14,2683.2,0,0
13744,95,4,2161.04,1,1
13745,162,3,1077.4,1,1
13746,414,1,176.69,1,1
13747,374,3,249.39999999999998,1,1
13748,96,14,3012.6,1,0
13750,54,16,5249.4400000000005,0,0
13751,288,2,592.5,1,1
13752,124,13,2755.21,1,0
13753,288,5,2835.83,1,1
13754,152,5,729.65,1,1
13755,4,18,4216.12,0,0
13756,2,37,13845.470000000001,0,0
13757,675,1,195.55,1,1
13758,12,22,11888.68,0,0
13759,33,4,1318.8200000000002,0,0
13760,54,7,1650.43,0,0
13761,50,8,3022.82,0,0
13762,219,6,2779.2000000000003,1,1
13763,63,4,6932.400000000001,0,0
13764,71,9,4439.04,0,0
13765,653,1,352.821,1,1
13766,495,1,190.35,1,1
13767,2,72,43467.106499999914,0,0
13768,726,2,875.97,1,1
13769,2,30,8274.630000000001,0,0
13770,422,4,785.37,1,1
13771,64,13,8363.27,0,0
13772,34,11,4222.65,0,0
13773,397,2,301.54,1,1
13774,82,2,690.0,0,1
13775,591,1,1049.66,1,1
13776,428,2,623.98,1,1
13777,1,72,43467.106499999914,0,0
13778,103,5,1303.19,1,1
13779,516,1,161.13,1,1
13780,7,5,1092.08,0,0
13781,251,4,906.67,1,1
13782,13,19,2694.94,0,0
13783,488,4,1542.09,1,1
13784,10,25,5373.0199999999995,0,0
13785,429,4,542.49,1,1
13786,367,7,3358.39,1,1
13787,76,8,1531.54,0,0
13788,505,1,55.316,1,1
13789,388,1,239.45999999999998,1,1
13790,4,2,697.6,0,0
13791,128,4,3032.0,1,1
13792,66,5,579.5,0,1
13793,647,1,96.0,1,1
13794,547,1,126.03,1,1
13795,388,4,836.3,1,1
13796,499,1,289.7,1,1
13797,437,3,1179.45,1,1
13798,1,72,43467.106499999914,0,0
13799,117,11,3492.43,1,0
13800,310,4,2237.88,1,1
13801,67,2,649.6,0,1
13802,139,22,30858.53,1,0
13803,255,4,1615.98,1,1
13804,31,16,5749.51,0,0
13805,52,4,1849.2,0,1
13806,64,2,512.76,0,1
13807,367,4,534.8,1,1
13808,6,10,3495.32,0,0
13809,305,4,834.75,1,1
13810,29,6,2998.02,0,0
13811,184,6,1629.0,1,1
13812,42,6,1078.0,0,0
13813,40,12,4132.33,0,0
13814,92,5,3836.44,1,0
13815,22,12,11503.1,0,0
13816,24,4,1143.3400000000001,0,0
13817,29,4,765.96,0,1
13818,430,1,61.28,1,1
13819,302,9,3782.7,1,0
13820,418,3,652.75,1,1
13821,145,8,1764.72,1,0
13822,6,4,1264.0,0,0
13823,19,9,4361.11,0,0
13824,33,17,5013.7,0,0
13825,622,2,255.59,1,1
13826,176,2,379.0,1,1
13827,58,6,819.6,0,1
13828,22,2,418.98,0,1
13829,421,1,102.0,1,1
13830,582,1,156.85000000000002,1,1
13831,16,24,8783.99,0,0
13832,19,3,662.09,0,1
13833,159,3,1084.26,1,1
13834,577,2,324.19,1,1
13835,25,11,1929.84,0,0
13836,399,2,620.37,1,1
13837,212,4,533.1800000000001,1,1
13838,6,14,2364.89,0,0
13839,486,1,139.95000000000002,1,1
13840,416,1,651.4,1,1
13841,253,2,170.0,1,1
13842,59,27,8704.96,0,0
13843,381,1,319.75,1,1
13844,11,2,723.24,0,1
13845,65,2,625.96,0,1
13846,25,7,2172.85,0,0
13847,720,1,310.72,1,1
13848,92,11,4270.0,1,0
13849,52,7,5007.25,0,0
13850,129,2,3190.96,1,1
13851,96,11,7257.92,1,0
13852,611,1,187.35000000000002,1,1
13853,57,2,2180.28,0,1
13854,9,64,20054.079999999998,0,0
13855,501,4,1310.3400000000001,1,1
13856,169,14,1530.53,1,0
13857,393,6,1001.01,1,1
13858,57,2,432.34,0,1
13859,326,3,717.02,1,1
13860,1,10,2491.8,0,0
13861,429,2,273.26,1,1
13862,18,17,4765.45,0,0
13863,248,5,1545.33,1,1
13864,387,1,662.4000000000001,1,1
13865,58,8,1003.12,0,0
13866,74,2,291.34000000000003,0,1
13867,31,6,2010.18,0,0
13868,7,4,6385.08,0,0
13869,123,14,11080.52,1,0
13870,2,23,8483.02,0,0
13871,23,30,14289.1,0,0
13872,527,3,919.57,1,1
13873,120,11,1428.52,1,0
13874,358,8,2589.6,1,1
13875,54,19,6601.16,0,0
13876,64,2,245.4,0,1
13877,86,4,566.92,0,1
13878,55,5,3688.4700000000003,0,0
13879,646,1,395.5,1,1
13880,21,30,7513.63,0,0
13881,4,63,43467.106499999914,0,0
13882,3,10,2382.26,0,0
13883,11,20,9234.5,0,0
13884,7,15,2612.63,0,0
13885,189,4,1013.6,1,1
13886,71,2,487.12,0,1
13887,204,2,699.1,1,1
13888,120,9,2597.26,1,0
13889,93,7,2408.13,1,0
13890,1,24,4811.1900000000005,0,0
13891,378,3,859.21,1,1
13892,27,10,1900.62,0,0
13893,298,2,1642.2,1,1
13894,24,6,1129.24,0,0
13895,28,10,6601.59,0,0
13896,626,1,388.55,1,1
13897,50,4,1471.88,0,1
13898,326,3,842.33,1,1
13899,16,4,777.04,0,0
13900,183,9,2351.54,1,0
13901,72,20,8543.54,0,0
13902,632,5,34095.26,1,0
13903,400,1,165.45000000000002,1,1
13904,37,4,665.28,0,1
13905,726,1,312.65,1,1
13906,409,1,55.316,1,1
13907,692,1,136.8,1,1
13908,80,8,4739.1,0,0
13909,423,2,282.85,1,1
13911,57,29,6815.9,0,0
13912,424,1,124.95,1,1
13913,507,1,55.316,1,1
13914,12,4,1252.9,0,0
13915,394,1,70.80000000000001,1,1
13916,464,4,1275.81,1,1
13917,50,4,544.08,0,1
13918,50,4,2425.6800000000003,0,0
13919,59,6,1745.49,0,0
13920,432,4,1774.68,1,1
13921,402,4,730.7,1,1
13922,352,4,1037.45,1,1
13923,54,2,702.26,0,1
13924,2,12,3677.7000000000003,0,0
13925,93,8,1356.5,1,0
13926,23,2,447.70000000000005,0,1
13927,75,3,1057.25,0,1
13928,11,8,929.14,0,0
13929,169,13,4336.75,1,0
13930,58,4,674.68,0,1
13931,96,13,6494.91,1,0
13932,295,2,614.8,1,1
13933,109,4,1217.5800000000002,1,1
13934,264,2,1844.2,1,1
13935,597,3,6116.92,1,1
13936,180,4,1316.24,1,1
13937,169,3,1038.98,1,1
13938,35,2,143.32,0,1
13939,23,10,2129.5099999999998,0,0
13940,17,8,1678.28,0,0
13941,22,20,15140.140000000001,0,0
13942,535,1,320.0,1,1
13943,578,1,246.54,1,1
13944,653,1,200.43,1,1
13945,395,2,854.15,1,1
13946,79,9,2437.8,0,0
13947,65,2,181.2,0,1
13948,361,5,650.76,1,1
13949,3,12,4854.64,0,0
13950,11,8,1490.12,0,0
13951,176,6,1348.9,1,1
13952,218,16,16074.592,1,0
13953,7,19,10156.36,0,0
13954,2,4,879.84,0,0
13955,154,5,867.03,1,1
13956,5,10,2038.54,0,0
13957,418,3,458.25,1,1
13958,380,8,4709.2300000000005,1,0
13959,79,9,1658.81,0,0
13960,21,4,460.44,0,1
13961,392,1,538.4,1,1
13962,22,5,532.35,0,1
13963,308,21,3525.11,1,0
13964,387,2,438.9,1,1
13965,477,3,996.61,1,1
13966,435,1,384.26,1,1
13967,146,3,247.0,1,1
13968,423,1,123.66,1,1
13969,7,53,21997.63,0,0
13970,386,2,846.55,1,1
13971,19,22,7425.83,0,0
13972,71,4,380.5,0,1
13973,287,2,529.4,1,1
13974,49,3,1091.31,0,1
13975,31,18,7717.64,0,0
13976,207,5,1550.34,1,1
13977,411,1,519.8100000000001,1,1
13978,15,4,393.58000000000004,0,1
13979,73,8,4249.8,0,0
13980,60,6,968.96,0,1
13981,416,1,331.14,1,1
13982,39,13,5826.099999999999,0,0
13983,30,33,9357.32,0,0
13984,27,17,2814.31,0,0
13985,4,37,17080.99,0,0
13986,17,2,640.92,0,1
13987,380,2,682.54,1,1
13988,20,14,8905.76,0,0
13989,66,7,3292.14,0,0
13990,213,2,622.6,1,1
13991,12,12,1705.76,0,0
13992,30,4,296.3,0,1
13993,43,28,10242.07,0,0
13994,4,12,4548.28,0,0
13995,15,19,5295.7,0,0
13996,386,2,895.76,1,1
13997,519,3,376.46,1,1
13998,447,3,566.7,1,1
13999,10,41,13404.07,0,0
14000,211,6,2682.0,1,1
14001,46,12,6271.93,0,0
14002,134,4,1059.46,1,1
14003,726,1,209.41,1,1
14004,43,18,10841.09,0,0
14005,10,10,5749.44,0,0
14006,116,10,3158.86,1,0
14007,513,1,79.48,1,1
14008,432,1,509.04,1,1
14009,198,5,1795.52,1,1
14010,565,2,445.15,1,1
14011,480,2,457.82,1,1
14012,278,2,657.6,1,1
14013,110,8,1557.59,1,0
14014,77,4,2453.39,0,1
14015,53,2,1834.68,0,1
14016,162,15,15744.62,1,0
14017,571,1,229.75,1,1
14018,645,1,367.15000000000003,1,1
14019,47,6,2843.22,0,0
14020,17,6,1891.81,0,0
14021,155,10,2348.48,1,0
14022,225,3,1232.15,1,1
14023,7,4,1168.14,0,0
14024,122,5,973.44,1,1
14025,465,8,4057.9,1,1
14026,471,2,713.11,1,1
14027,61,2,209.64,0,1
14028,550,3,10396.5,1,1
14029,63,4,935.32,0,1
14030,18,28,9880.64,0,0
14031,7,63,43467.106499999914,0,0
14032,2,27,7522.0,0,0
14033,555,1,109.44,1,1
14034,22,6,1297.78,0,0
14035,29,14,4222.7699999999995,0,0
14036,285,2,1253.3,1,1
14037,176,8,984.15,1,1
14038,78,8,4630.26,0,0
14039,33,3,419.48,0,1
14040,41,47,16084.13,0,0
14041,266,2,282.82,1,1
14042,725,1,431.98,1,1
14043,491,2,302.6,1,1
14044,27,14,3724.12,0,0
14045,109,20,12646.38,1,0
14046,284,2,309.98,1,1
14047,9,19,5276.72,0,0
14048,305,4,1158.6200000000001,1,1
14049,17,17,18602.12,0,0
14050,32,4,1492.72,0,0
14051,1,60,37381.37,0,0
14052,20,3,692.02,0,1
14053,124,6,832.55,1,1
14054,65,2,184.92,0,1
14055,106,4,2246.6,1,1
14056,1,46,16305.42,0,0
14057,24,39,14558.32,0,0
14058,463,2,469.19,1,1
14059,267,2,367.2,1,1
14060,5,49,15038.66,0,0
14061,507,3,917.4300000000001,1,1
14062,10,36,36050.5,0,0
14063,438,9,22710.2,1,0
14064,29,20,4594.58,0,0
14065,389,3,891.02,1,1
14066,267,2,305.1,1,1
14067,64,4,749.4,0,1
14068,320,5,1782.57,1,1
14069,515,2,225.81,1,1
14070,685,1,321.6,1,1
14071,4,16,2875.14,0,0
14072,667,1,390.85,1,1
14073,32,2,302.08,0,1
14074,623,1,219.39999999999998,1,1
14075,5,9,2677.13,0,0
14076,129,2,237.34,1,1
14077,41,11,1114.5,0,0
14078,102,15,2602.84,1,0
14079,125,3,993.83,1,1
14080,33,6,1161.28,0,0
14081,302,12,5789.1900000000005,1,0
14082,365,3,595.61,1,1
14083,4,20,2085.09,0,0
14084,512,1,150.5,1,1
14085,2,51,14141.96,0,0
14086,463,1,55.316,1,1
14087,3,4,1020.9399999999999,0,0
14088,10,29,43467.106499999914,0,0
14089,57,2,317.5,0,1
14090,325,2,152.64000000000001,1,1
14091,654,2,9530.08,1,1
14092,8,38,11306.36,0,0
14093,12,2,867.72,0,1
14094,440,1,311.77,1,1
14095,723,1,55.316,1,1
14096,4,34,43467.106499999914,0,0
14097,481,2,422.85999999999996,1,1
14098,37,2,294.7,0,1
14099,16,31,8855.08,0,0
14100,138,2,383.90000000000003,1,1
14101,74,19,15938.72,0,0
14102,5,10,2211.7599999999998,0,0
14104,155,7,959.74,1,1
14105,239,6,7255.06,1,0
14106,726,1,214.79999999999998,1,1
14107,52,18,7580.53,0,0
14108,31,6,1642.8700000000001,0,0
14109,73,2,288.4,0,1
14110,4,45,18671.1,0,0
14111,14,8,1385.7,0,0
14112,23,20,8749.74,0,0
14113,4,20,8933.03,0,0
14114,274,9,1750.62,1,1
14115,502,2,622.6700000000001,1,1
14116,20,10,2765.48,0,0
14117,144,2,180.0,1,1
14118,429,1,458.45,1,1
14119,376,2,183.37,1,1
14121,4,8,5560.3,0,0
14122,406,3,362.42,1,1
14123,726,1,436.18,1,1
14124,84,2,839.1600000000001,0,1
14125,11,6,5441.26,0,0
14126,8,7,1878.5900000000001,0,0
14127,123,9,2609.79,1,0
14128,61,5,1561.71,0,1
14129,2,14,3715.2,0,0
14130,319,5,2339.68,1,1
14131,649,1,168.22,1,1
14132,2,22,7172.0599999999995,0,0
14133,130,7,1516.78,1,1
14134,383,15,11123.35,1,0
14135,2,39,13529.98,0,0
14136,401,5,1570.81,1,1
14137,696,1,332.7,1,1
14138,2,4,1931.7600000000002,0,0
14139,46,5,1502.62,0,0
14140,4,4,1870.1,0,0
14141,3,8,1830.26,0,0
14142,373,3,983.15,1,1
14143,134,2,231.6,1,1
14144,486,1,55.316,1,1
14145,47,11,11342.25,0,0
14146,9,17,13641.3,0,0
14147,78,11,3073.6,0,0
14148,234,3,623.49,1,1
14149,221,2,893.24,1,1
14150,36,4,1317.28,0,1
14151,673,2,679.45,1,1
14152,75,9,2618.63,0,0
14153,483,1,233.4,1,1
14154,239,10,7806.32,1,0
14155,266,2,237.5,1,1
14156,10,72,43467.106499999914,0,0
14157,20,7,1403.5800000000002,0,0
14158,40,2,1015.32,0,1
14159,20,31,12491.15,0,0
14160,610,7,8421.47,1,0
14161,216,10,4094.55,1,0
14162,174,4,578.72,1,1
14163,87,9,5040.53,0,0
14164,71,4,3263.54,0,0
14165,276,2,240.88,1,1
14166,505,2,251.15,1,1
14167,39,12,1836.8799999999999,0,0
14168,421,2,370.45,1,1
14169,431,2,621.51,1,1
14170,375,3,570.18,1,1
14171,98,3,862.58,1,1
14172,605,3,369.02,1,1
14173,11,10,1036.84,0,0
14174,33,2,268.92,0,1
14175,60,11,10901.18,0,0
14176,297,9,1333.3600000000001,1,1
14177,86,17,2759.15,0,0
14178,9,14,3200.52,0,0
14179,41,4,1403.14,0,1
14180,11,58,10866.02,0,0
14181,411,2,308.35,1,1
14182,444,4,678.77,1,1
14183,411,2,278.34000000000003,1,1
14184,67,2,905.78,0,1
14185,331,2,395.3,1,1
14186,427,5,1550.63,1,1
14187,474,1,123.5,1,1
14188,31,12,4108.72,0,0
14189,2,31,10157.23,0,0
14190,666,1,79.9,1,1
14191,2,28,9502.42,0,0
14192,388,1,293.74,1,1
14193,68,5,2063.58,0,0
14194,5,57,30020.11,0,0
14195,202,8,3627.6,1,0
14196,107,2,671.04,1,1
14197,411,1,390.05,1,1
14198,18,13,2271.13,0,0
14199,218,5,1277.1,1,1
14200,617,1,379.2,1,1
14201,60,17,1940.98,0,0
14202,381,3,847.76,1,1
14203,397,1,339.34,1,1
14204,2,5,1175.44,0,0
14205,17,11,2880.9,0,0
14206,239,4,1513.17,1,1
14207,688,1,157.8,1,1
14208,95,3,718.79,1,1
14209,11,21,7066.7,0,0
14210,106,22,7462.41,1,0
14211,53,27,6643.39,0,0
14212,90,3,3260.62,0,1
14213,405,1,1192.2,1,1
14214,31,10,2008.76,0,0
14215,12,15,5040.05,0,0
14216,3,9,3989.34,0,0
14217,2,40,5303.57,0,0
14218,43,2,338.96000000000004,0,1
14219,4,4,723.77,0,0
14220,247,6,2147.4,1,1
14221,42,26,9950.29,0,0
14222,177,2,1366.34,1,1
14223,92,6,1982.26,1,0
14224,110,13,2851.44,1,0
14225,435,4,2031.07,1,1
14226,29,11,5199.92,0,0
14227,26,25,9719.67,0,0
14228,438,3,745.5,1,1
14229,52,10,4141.24,0,0
14230,436,3,979.8000000000001,1,1
14231,184,7,2161.33,1,1
14232,43,10,4096.14,0,0
14233,49,11,4366.99,0,0
14234,22,8,1508.24,0,0
14235,75,14,7862.85,0,0
14236,81,7,2046.2,0,0
14237,373,3,632.14,1,1
14238,326,4,581.08,1,1
14239,43,32,6644.02,0,0
14240,30,5,2137.83,0,0
14241,184,3,547.4000000000001,1,1
14242,235,4,561.1,1,1
14243,9,27,9806.52,0,0
14244,661,1,366.41999999999996,1,1
14245,220,4,3386.9,1,1
14246,111,6,2948.12,1,0
14247,278,6,890.33,1,1
14248,318,4,1335.53,1,1
14249,411,12,5400.461,1,0
14250,7,6,3808.1,0,0
14251,2,10,5759.400000000001,0,0
14252,381,1,350.99,1,1
14253,493,2,363.40000000000003,1,1
14254,433,1,601.03,1,1
14255,546,1,1000.63,1,1
14256,260,7,3429.85,1,0
14257,64,14,9054.17,0,0
14258,9,34,43467.106499999914,0,0
14259,142,2,240.0,1,1
14260,471,3,824.28,1,1
14261,51,4,2326.9,0,0
14262,8,16,5236.46,0,0
14263,423,1,322.93,1,1
14264,155,8,1851.33,1,0
14265,109,6,1903.53,1,1
14266,428,1,55.316,1,1
14267,163,6,3032.48,1,0
14268,471,1,354.85,1,1
14269,439,1,295.73,1,1
14270,332,2,985.3000000000001,1,1
14271,226,3,326.5,1,1
14272,74,6,1358.77,0,1
14273,51,8,1119.94,0,0
14274,686,1,256.6,1,1
14275,396,6,1189.3799999999999,1,1
14276,99,10,3222.42,1,0
14277,15,12,21385.61,0,0
14278,410,1,205.83,1,1
14279,521,2,191.86,1,1
14280,197,2,268.08,1,1
14281,408,1,245.15,1,1
14282,3,40,10952.2,0,0
14283,463,4,628.4399999999999,1,1
14284,31,5,1894.9,0,0
14285,21,12,5194.43,0,0
14286,24,10,13108.51,0,0
14287,8,6,353.26,0,0
14288,213,2,853.2,1,1
14289,9,12,1822.52,0,0
14290,11,13,6831.21,0,0
14291,2,34,11787.35,0,0
14292,8,25,14098.18,0,0
14293,3,13,3949.57,0,0
14294,407,1,375.34,1,1
14295,40,6,2529.11,0,0
14296,421,2,456.40000000000003,1,1
14297,18,8,2610.66,0,0
14298,8,72,43467.106499999914,0,0
14299,8,36,18035.87,0,0
14300,19,2,86.4,0,1
14301,117,5,2632.32,1,1
14302,431,3,742.9000000000001,1,1
14303,407,2,277.94,1,1
14304,223,4,2108.46,1,1
14305,71,6,3717.92,0,0
14306,51,8,5244.72,0,0
14307,89,16,7283.64,0,0
14308,549,2,1147.02,1,1
14309,8,20,6133.34,0,0
14310,433,1,492.1,1,1
14311,243,3,826.71,1,1
14312,47,17,4701.88,0,0
14314,107,3,349.8,1,1
14315,45,14,5678.95,0,0
14316,422,5,1370.34,1,1
14317,65,2,1017.1600000000001,0,1
14318,460,1,158.02,1,1
14319,424,1,494.85,1,1
14320,207,7,1824.54,1,1
14321,11,12,3748.81,0,0
14322,429,4,474.1,1,1
14323,115,4,1210.1200000000001,1,1
14324,410,2,701.61,1,1
14325,570,1,245.48000000000002,1,1
14326,242,4,1124.83,1,1
14327,163,7,2206.58,1,1
14328,438,1,445.05,1,1
14329,17,22,14862.86,0,0
14330,624,1,200.63,1,1
14331,124,4,925.3199999999999,1,1
14332,23,8,2757.62,0,0
14333,68,2,830.4,0,1
14334,17,20,6870.69,0,0
14335,16,4,909.72,0,0
14336,17,8,3229.82,0,0
14338,161,5,1516.32,1,1
14339,243,3,929.79,1,1
14340,219,2,269.4,1,1
14341,45,26,6619.0,0,0
14342,21,10,1587.0,0,0
14343,421,4,1079.66,1,1
14344,127,28,3882.98,1,0
14345,39,2,217.95999999999998,0,1
14346,121,7,3337.33,1,0
14347,726,1,82.6,1,1
14348,260,2,819.14,1,1
14349,10,2,267.0,0,1
14350,274,4,1254.96,1,1
14351,165,2,102.0,1,1
14352,157,8,2157.92,1,0
14353,215,4,467.09999999999997,1,1
14354,6,4,327.24,0,1
14355,366,4,1014.45,1,1
14356,80,4,1402.46,0,1
14357,43,2,450.24,0,1
14358,389,2,400.06,1,1
14359,19,6,1824.36,0,0
14360,32,8,4236.06,0,0
14361,579,1,214.70999999999998,1,1
14362,22,2,303.0,0,1
14363,402,2,227.47000000000003,1,1
14364,109,16,7434.7,1,0
14365,395,2,634.68,1,1
14366,525,1,136.0,1,1
14367,8,32,18455.64,0,0
14368,320,2,310.0,1,1
14369,642,2,469.13,1,1
14370,451,6,1175.78,1,1
14371,295,2,201.0,1,1
14372,443,2,860.08,1,1
14373,358,2,153.1,1,1
14374,541,1,108.0,1,1
14375,185,4,1342.3799999999999,1,1
14376,683,1,215.46,1,1
14377,191,4,1234.1,1,1
14378,622,1,131.25,1,1
14379,44,6,1613.26,0,0
14380,682,1,55.316,1,1
14381,52,3,828.62,0,1
14382,26,3,1809.12,0,0
14383,38,6,2495.38,0,0
14384,501,1,58.5,1,1
14385,9,6,404.22,0,0
14386,297,2,284.8,1,1
14387,33,6,3455.2,0,0
14388,10,24,9601.04,0,0
14389,65,7,2941.4700000000003,0,0
14390,10,22,10792.6,0,0
14391,577,1,135.6,1,1
14392,432,1,266.4,1,1
14393,218,2,135.9,1,1
14394,565,1,93.8,1,1
14395,2,29,11281.84,0,0
14396,65,9,2457.37,0,0
14397,3,38,5225.92,0,0
14398,401,2,707.79,1,1
14399,394,8,2108.21,1,1
14400,149,4,2307.17,1,1
14401,4,35,10847.38,0,0
14402,652,1,285.6,1,1
14403,130,10,3356.3199999999997,1,0
14404,34,19,4173.45,0,0
14405,387,1,195.0,1,1
14406,119,2,313.5,1,1
14407,107,12,4315.46,1,0
14408,11,18,6701.3,0,0
14409,71,15,5486.74,0,0
14410,92,20,3732.17,1,0
14411,311,2,2126.0,1,1
14412,43,5,2196.22,0,0
14413,362,5,885.57,1,1
14414,92,15,3896.31,1,0
14415,1,36,17835.66,0,0
14416,22,4,980.44,0,0
14417,388,1,524.65,1,1
14418,4,6,3874.5,0,0
14419,11,13,2306.43,0,0
14420,99,5,2026.69,1,1
14421,57,8,3282.48,0,0
14422,1,25,14535.16,0,0
14423,218,4,1181.81,1,1
14424,18,2,644.16,0,1
14425,435,3,661.39,1,1
14426,24,27,16209.61,0,0
14427,50,6,1626.86,0,0
14428,7,10,2448.12,0,0
14429,404,1,516.28,1,1
14430,512,3,1220.9,1,1
14431,303,5,3084.56,1,1
14432,10,12,4497.0,0,0
14433,466,1,280.7,1,1
14434,22,12,2745.6,0,0
14435,502,1,90.42,1,1
14436,99,3,360.76,1,1
14437,366,6,936.34,1,1
14438,306,2,263.8,1,1
14439,320,6,12104.28,1,0
14440,8,18,8339.710000000001,0,0
14441,1,15,6324.58,0,0
14442,205,9,6956.84,1,0
14443,54,9,3503.17,0,0
14444,456,1,120.44,1,1
14445,456,1,221.65,1,1
14446,1,9,2210.63,0,0
14447,19,11,2874.96,0,0
14448,9,4,750.7,0,0
14449,19,12,3116.76,0,0
14450,181,10,1611.69,1,0
14451,60,14,3902.58,0,0
14452,11,6,918.0,0,0
14453,190,2,239.86,1,1
14454,376,5,977.3,1,1
14455,432,4,617.72,1,1
14456,5,18,6034.56,0,0
14457,311,2,227.28,1,1
14458,381,1,228.07,1,1
14459,155,3,7213.661,1,0
14460,110,12,1527.84,1,0
14461,148,16,8779.97,1,0
14462,66,23,4223.38,0,0
14463,98,7,1316.19,1,1
14464,568,2,111.0,1,1
14465,247,14,4964.29,1,0
14466,29,20,6539.55,0,0
14467,18,16,2799.5,0,0
14468,726,1,204.24,1,1
14469,416,4,2093.46,1,1
14470,12,5,1173.23,0,0
14471,591,2,400.95,1,1
14472,104,17,3971.39,1,0
14473,74,4,468.68000000000006,0,1
14474,46,3,1806.55,0,1
14475,72,7,2077.0,0,0
14476,257,2,386.0,1,1
14477,20,11,3279.2,0,0
14478,382,4,1276.66,1,1
14479,254,6,1440.96,1,1
14480,11,5,1578.57,0,0
14481,165,7,2921.2,1,0
14482,18,18,6329.53,0,0
14483,282,3,394.2,1,1
14484,50,5,1392.9,0,0
14485,39,2,325.6,0,1
14486,512,2,175.5,1,1
14487,27,13,2431.75,0,0
14488,68,2,2128.56,0,1
14489,207,5,2038.31,1,1
14490,406,2,1273.47,1,1
14491,175,4,681.86,1,1
14492,430,7,1921.91,1,1
14493,7,15,7471.1,0,0
14494,26,4,541.02,0,1
14495,51,5,298.6,0,1
14496,312,9,2902.7,1,0
14497,309,3,1172.43,1,1
14498,43,15,5858.15,0,0
14499,26,10,2910.23,0,0
14500,88,6,713.7,0,1
14501,184,4,502.42,1,1
14502,20,22,4859.66,0,0
14503,3,12,7086.52,0,0
14504,47,8,1346.52,0,0
14505,17,27,17738.51,0,0
14506,17,12,4920.9,0,0
14507,24,17,4584.62,0,0
14508,22,7,1090.97,0,0
14509,534,1,110.95,1,1
14510,376,3,979.85,1,1
14511,11,10,2629.62,0,0
14512,188,9,1491.25,1,1
14513,101,9,1243.6,1,0
14514,61,12,5370.24,0,0
14515,18,18,5800.95,0,0
14516,516,1,151.17,1,1
14517,33,4,660.9,0,1
14518,64,2,348.74,0,1
14519,684,2,203.14,1,1
14520,2,4,541.2,0,0
14521,491,1,199.45000000000002,1,1
14522,24,12,2722.96,0,0
14523,108,2,482.18,1,1
14524,32,22,4753.6900000000005,0,0
14525,20,26,12242.44,0,0
14526,389,1,258.65,1,1
14527,3,72,35754.01,0,0
14528,37,2,728.4399999999999,0,1
14529,60,6,1157.22,0,1
14530,26,22,8950.98,0,0
14531,480,1,376.34,1,1
14532,236,15,4778.63,1,0
14533,25,18,5416.09,0,0
14534,3,44,10584.960000000001,0,0
14535,60,12,8828.07,0,0
14536,260,2,341.9,1,1
14537,58,3,996.96,0,1
14538,65,7,1759.0900000000001,0,0
14539,16,4,1074.96,0,0
14540,10,14,4662.3,0,0
14541,59,22,3944.73,0,0
14542,186,2,206.5,1,1
14543,29,55,18187.6,0,0
14544,24,5,4942.83,0,0
14545,674,1,349.25,1,1
14546,5,16,7758.77,0,0
14547,4,16,7949.5,0,0
14548,151,11,3194.0899999999997,1,0
14549,311,5,1202.84,1,1
14550,11,6,2102.43,0,0
14551,18,9,1064.32,0,0
14552,152,4,672.15,1,1
14553,19,14,2677.87,0,0
14554,10,8,4558.9800000000005,0,0
14555,57,8,2616.57,0,0
14556,596,3,815.69,1,1
14557,85,2,1576.76,0,1
14558,654,3,655.5,1,1
14559,390,1,75.6,1,1
14560,7,66,8351.8,0,0
14561,76,6,2161.52,0,0
14562,4,44,11644.92,0,0
14563,510,2,640.54,1,1
14564,435,2,2605.62,1,1
14565,96,9,6958.34,1,0
14566,111,5,5524.0,1,0
14567,57,4,3060.7200000000003,0,0
14568,435,1,919.7,1,1
14569,1,5,824.72,0,0
14570,281,5,831.8100000000001,1,1
14571,425,1,160.0,1,1
14572,3,18,8331.42,0,0
14573,180,22,3802.94,1,0
14574,726,1,143.70000000000002,1,1
14575,488,1,420.22,1,1
14576,372,2,70.80000000000001,1,1
14577,13,11,2223.86,0,0
14578,3,2,337.26,0,1
14579,432,1,105.56,1,1
14580,518,1,55.316,1,1
14581,17,3,548.25,0,1
14582,41,2,228.22,0,1
14583,6,13,2647.25,0,0
14584,169,12,2771.22,1,0
14585,50,6,1300.32,0,0
14586,277,2,474.72,1,1
14587,19,18,3160.58,0,0
14588,578,1,135.39,1,1
14589,372,2,79.5,1,1
14590,425,20,2993.37,1,0
14591,15,8,2640.42,0,0
14592,35,6,1115.88,0,0
14593,22,15,4282.68,0,0
14594,7,4,726.66,0,0
14595,20,14,3905.05,0,0
14596,627,1,222.22000000000003,1,1
14597,11,8,3050.87,0,0
14598,44,3,606.01,0,1
14599,390,2,457.89,1,1
14600,306,3,1258.5,1,1
14601,11,2,427.92,0,1
14602,656,1,205.35999999999999,1,1
14603,275,2,1320.0,1,1
14604,633,1,143.85999999999999,1,1
14605,374,4,921.5600000000001,1,1
14606,1,72,42027.52,0,0
14607,16,36,39972.63,0,0
14608,4,15,5138.09,0,0
14609,72,14,2087.7599999999998,0,0
14610,396,2,55.316,1,1
14611,444,2,604.3299999999999,1,1
14612,415,1,877.7,1,1
14613,680,1,76.32000000000001,1,1
14614,386,1,295.13,1,1
14615,394,5,951.76,1,1
14616,243,8,933.8600000000001,1,1
14617,403,2,190.47000000000003,1,1
14618,9,10,1895.76,0,0
14619,246,3,1685.68,1,1
14620,206,4,825.5600000000001,1,1
14621,1,14,4788.93,0,0
14622,185,2,641.1600000000001,1,1
14623,32,15,2903.68,0,0
14624,57,8,1039.92,0,0
14625,196,13,5397.51,1,0
14626,24,15,8202.19,0,0
14627,379,1,462.75,1,1
14628,91,7,2669.96,1,0
14629,4,4,1910.52,0,0
14630,484,1,338.65,1,1
14631,51,9,3032.67,0,0
14632,263,2,229.12,1,1
14633,266,2,689.8000000000001,1,1
14634,438,4,2124.46,1,1
14635,454,1,215.22,1,1
14636,36,4,1219.7,0,1
14637,677,1,106.67999999999999,1,1
14638,51,2,887.2,0,1
14639,52,15,7963.45,0,0
14640,24,16,5756.74,0,0
14641,22,2,220.92,0,1
14642,59,2,192.24,0,1
14643,170,7,2373.7000000000003,1,0
14644,68,9,3078.48,0,0
14645,157,5,1473.98,1,1
14646,2,72,43467.106499999914,0,0
14647,201,3,742.08,1,1
14648,416,15,4466.65,1,0
14649,5,13,5053.78,0,0
14650,589,1,62.5,1,1
14651,67,11,2679.27,0,0
14652,77,2,228.36,0,1
14653,1,19,5519.71,0,0
14654,726,1,246.86,1,1
14655,8,11,5810.74,0,0
14656,169,7,1081.05,1,1
14657,18,10,2298.41,0,0
14658,5,4,494.3,0,0
14659,9,18,5059.86,0,0
14660,87,4,571.48,0,1
14661,27,2,215.9,0,1
14662,29,11,2117.8,0,0
14663,430,2,490.6,1,1
14664,20,4,1272.48,0,0
14665,61,12,4585.35,0,0
14666,24,2,390.5,0,1
14667,11,72,29570.38,0,0
14668,445,1,111.63,1,1
14669,242,10,4476.02,1,0
14670,280,5,976.1899999999999,1,1
14671,549,2,1127.45,1,1
14672,235,6,1878.69,1,1
14673,3,12,4773.72,0,0
14674,509,1,173.66,1,1
14675,16,3,1611.94,0,0
14676,31,18,10905.03,0,0
14677,593,1,184.91,1,1
14678,579,1,403.39,1,1
14679,382,3,1289.44,1,1
14680,25,72,43467.106499999914,0,0
14681,71,9,1374.1,0,0
14682,188,8,1566.81,1,1
14683,588,1,146.56,1,1
14684,26,11,2631.54,0,0
14685,576,8,4536.64,1,1
14686,414,5,852.53,1,1
14687,107,4,2030.44,1,1
14688,8,49,12769.52,0,0
14689,209,2,225.6,1,1
14690,44,6,1132.73,0,0
14691,31,10,4228.66,0,0
14692,137,16,2306.69,1,0
14693,265,8,1338.26,1,1
14694,617,1,244.31,1,1
14695,519,3,1534.22,1,1
14696,4,15,4552.2300000000005,0,0
14697,218,4,377.21999999999997,1,1
14698,2,10,2434.54,0,0
14699,214,5,811.73,1,1
14700,32,8,5271.16,0,0
14701,11,24,7013.2,0,0
14702,1,46,9620.57,0,0
14703,15,2,636.34,0,1
14704,11,20,3246.88,0,0
14705,199,2,358.0,1,1
14706,619,1,367.54,1,1
14707,436,2,139.2,1,1
14708,3,8,2919.59,0,0
14709,15,38,13807.37,0,0
14710,14,17,2499.27,0,0
14711,10,22,5679.24,0,0
14712,29,7,2245.1400000000003,0,0
14713,9,32,7777.96,0,0
14714,24,5,1066.43,0,0
14715,25,12,2692.83,0,0
14716,43,5,850.79,0,1
14717,726,1,81.3,1,1
14718,410,1,226.42,1,1
14719,2,10,3163.68,0,0
14720,6,6,1327.62,0,0
14721,379,1,109.07,1,1
14722,147,4,669.94,1,1
14723,10,17,2925.42,0,0
14724,590,1,341.9,1,1
14725,25,5,1908.32,0,0
14726,655,1,116.5,1,1
14727,274,4,732.31,1,1
14728,413,1,190.58,1,1
14729,374,4,899.73,1,1
14730,1,16,3795.14,0,0
14731,47,6,760.04,0,1
14732,8,27,8219.56,0,0
14733,16,27,23921.06,0,0
14734,426,4,1056.42,1,1
14735,4,72,18305.85,0,0
14736,485,2,374.05,1,1
14737,4,7,4718.72,0,0
14738,43,16,3136.3500000000004,0,0
14739,4,32,15475.9,0,0
14740,197,14,5609.27,1,0
14741,12,13,3113.43,0,0
14742,435,1,579.85,1,1
14743,593,1,55.316,1,1
14744,16,21,4760.06,0,0
14745,113,17,3771.67,1,0
14746,406,4,593.5,1,1
14747,249,2,656.4,1,1
14748,29,15,4097.65,0,0
14749,480,1,310.15,1,1
14750,726,1,112.03,1,1
14751,684,2,126.45,1,1
14752,44,2,779.28,0,1
14753,87,3,1432.66,0,1
14754,45,8,2185.98,0,0
14755,10,36,14982.83,0,0
14756,15,4,3392.72,0,0
14757,75,2,841.0,0,1
14758,145,11,4349.03,1,0
14759,5,6,3251.94,0,0
14760,297,2,178.4,1,1
14761,59,5,703.82,0,1
14762,264,3,718.09,1,1
14764,47,2,556.6,0,1
14765,29,6,508.22,0,1
14766,8,17,8849.1,0,0
14767,474,1,382.81,1,1
14768,17,4,385.20000000000005,0,1
14769,3,25,25931.09,0,0
14770,232,10,4514.06,1,0
14771,621,2,594.62,1,1
14772,112,2,278.52,1,1
14773,593,1,140.55,1,1
14774,529,1,241.45,1,1
14775,58,6,2023.8,0,0
14776,51,26,6246.6,0,0
14777,404,1,307.56,1,1
14778,127,4,1461.72,1,1
14779,281,6,772.3,1,1
14780,55,4,895.36,0,1
14782,320,2,400.20000000000005,1,1
14783,659,1,307.3,1,1
14784,26,5,739.9200000000001,0,1
14785,10,4,154.8,0,1
14786,550,1,90.96,1,1
14787,471,1,110.65,1,1
14788,7,5,1835.76,0,0
14789,29,2,395.28,0,1
14790,17,14,3271.68,0,0
14791,607,1,303.63,1,1
14792,64,2,55.316,0,1
14793,21,3,854.89,0,1
14794,3,17,3273.81,0,0
14795,166,2,262.90000000000003,1,1
14796,1,44,18144.82,0,0
14797,507,1,300.31,1,1
14798,53,11,898.05,0,0
14799,51,3,495.85,0,1
14800,48,29,11523.12,0,0
14801,61,2,378.68,0,1
14802,438,2,1502.98,1,1
14803,162,6,1691.1,1,1
14804,9,2,706.54,0,1
14805,15,11,1628.95,0,0
14806,75,3,496.82,0,1
14807,391,2,504.14,1,1
14808,40,16,5437.2,0,0
14809,621,2,686.76,1,1
14810,41,24,4439.36,0,0
14811,387,1,170.5,1,1
14812,599,1,178.85,1,1
14813,370,6,1041.79,1,1
14814,581,1,154.21,1,1
14815,37,4,1557.0,0,0
14816,197,2,543.7,1,1
14817,200,9,5070.2,1,0
14818,74,9,1811.3600000000001,0,0
14819,64,6,728.48,0,1
14820,21,13,1782.05,0,0
14821,367,8,1278.95,1,1
14822,485,1,157.70000000000002,1,1
14823,180,6,642.86,1,1
14824,10,14,5150.62,0,0
14825,4,36,6956.09,0,0
14826,582,2,385.2,1,1
14828,197,16,11979.22,1,0
14829,29,11,2153.42,0,0
14830,53,2,377.76,0,1
14831,680,3,1676.57,1,1
14832,630,1,322.69,1,1
14833,499,1,94.8,1,1
14834,18,13,3926.46,0,0
14835,529,2,297.0,1,1
14836,10,6,204.89999999999998,0,1
14837,90,13,5109.82,0,0
14838,423,2,769.9200000000001,1,1
14839,418,3,915.28,1,1
14840,268,3,425.56,1,1
14841,53,20,10458.76,0,0
14842,44,8,5649.38,0,0
14843,437,1,211.79999999999998,1,1
14844,64,14,9892.24,0,0
14845,600,1,150.0,1,1
14846,427,1,437.4,1,1
14847,149,4,1658.35,1,1
14848,405,1,310.56,1,1
14849,22,68,23338.15,0,0
14850,312,8,2096.71,1,1
14851,23,5,1340.76,0,0
14852,58,24,8969.12,0,0
14853,24,7,1852.6699999999998,0,0
14854,78,18,7043.09,0,0
14855,119,9,7165.95,1,0
14856,36,6,2581.06,0,0
14857,60,9,4824.971,0,0
14858,506,1,180.75,1,1
14859,13,9,3059.38,0,0
14860,19,2,340.64,0,1
14861,52,11,1506.52,0,0
14862,26,4,1682.3999999999999,0,0
14863,29,2,533.52,0,1
14865,7,6,144.72,0,1
14866,11,31,35136.44,0,0
14867,186,19,3662.34,1,0
14868,3,20,7137.6,0,0
14869,9,8,3499.59,0,0
14870,262,7,2166.2000000000003,1,1
14871,3,13,1729.45,0,0
14872,484,3,816.6,1,1
14873,210,3,1373.81,1,1
14874,535,1,116.18,1,1
14875,108,5,4327.72,1,0
14876,521,2,256.7,1,1
14877,418,2,425.85,1,1
14878,13,34,5552.59,0,0
14879,685,1,185.06,1,1
14880,77,6,1381.18,0,1
14881,20,2,510.8,0,1
14882,27,16,4136.35,0,0
14883,19,12,1523.18,0,0
14884,669,1,120.6,1,1
14885,132,4,2363.44,1,1
14886,253,2,729.6,1,1
14887,79,2,3724.0,0,1
14888,207,2,738.4,1,1
14889,336,2,271.8,1,1
14890,254,4,942.9,1,1
14891,148,6,1661.11,1,1
14892,691,1,202.35000000000002,1,1
14893,10,5,3047.46,0,0
14894,85,4,2148.56,0,1
14895,8,58,36258.25,0,0
14896,205,10,2294.77,1,0
14897,8,12,4506.92,0,0
14898,23,20,4635.26,0,0
14899,395,1,1331.38,1,1
14900,522,1,55.316,1,1
14901,11,21,3340.29,0,0
14902,26,4,1368.28,0,0
14903,21,10,5590.66,0,0
14904,2,6,2655.93,0,0
14905,158,10,2587.54,1,0
14906,445,1,68.44,1,1
14907,3,23,9048.82,0,0
14908,74,3,659.6999999999999,0,1
14909,437,3,1404.68,1,1
14910,3,8,868.7,0,0
14911,1,72,43467.106499999914,0,0
14912,17,8,2757.1,0,0
14913,36,12,5300.56,0,0
14915,91,13,2118.73,1,0
14916,71,12,4311.93,0,0
14917,597,2,1123.75,1,1
14918,116,11,7565.96,1,0
14919,539,1,359.35,1,1
14920,213,5,2584.94,1,1
14921,30,4,2632.14,0,0
14922,394,2,843.74,1,1
14923,51,2,1498.2,0,1
14924,246,4,1241.06,1,1
14926,382,2,359.4,1,1
14927,397,1,308.2,1,1
14928,628,1,223.91000000000003,1,1
14929,32,3,1060.57,0,1
14930,109,9,7599.69,1,0
14931,5,10,2515.36,0,0
14932,366,3,1029.66,1,1
14933,444,4,1770.0,1,1
14934,82,7,5394.44,0,0
14935,297,3,4634.54,1,1
14936,34,20,20547.83,0,0
14937,57,6,3243.76,0,0
14938,562,2,2322.43,1,1
14940,418,2,531.49,1,1
14941,579,1,182.1,1,1
14942,402,4,746.56,1,1
14943,663,1,107.62,1,1
14944,30,31,15684.92,0,0
14945,414,1,179.4,1,1
14946,14,2,201.8,0,1
14947,72,8,1340.61,0,0
14948,23,12,2203.94,0,0
14949,469,4,515.0,1,1
14950,19,2,742.4,0,1
14951,79,2,623.38,0,1
14952,60,43,25728.84,0,0
14953,25,5,1256.99,0,0
14954,12,3,756.97,0,1
14955,726,1,163.77,1,1
14956,421,1,1325.0,1,1
14957,253,3,320.18,1,1
14958,147,9,1425.72,1,0
14959,64,8,1390.84,0,0
14960,8,4,442.54,0,0
14961,11,31,23454.83,0,0
14962,271,5,493.61,1,1
14963,10,17,4595.91,0,0
14964,247,2,412.42,1,1
14965,96,4,1192.18,1,1
14966,15,7,1247.28,0,0
14967,50,7,2446.41,0,0
14968,30,3,648.83,0,1
14969,704,1,906.23,1,1
14970,68,16,6511.41,0,0
14971,35,6,2195.96,0,0
14972,128,3,259.84,1,1
14973,107,6,2628.9,1,0
14974,37,2,179.88,0,1
14975,57,3,752.3299999999999,0,1
14976,57,14,1581.72,0,0
14977,726,1,55.316,1,1
14978,72,15,5033.56,0,0
14979,726,1,429.66,1,1
14980,726,1,150.68,1,1
14981,246,3,475.04,1,1
14982,572,1,237.78,1,1
14983,689,1,183.20000000000002,1,1
14984,19,8,1462.8799999999999,0,0
14985,198,4,584.02,1,1
14986,376,2,563.1,1,1
14987,16,10,1877.05,0,0
14988,212,8,2373.19,1,0
14989,662,1,342.4,1,1
14990,612,2,304.17,1,1
14991,430,1,314.67,1,1
14992,442,1,210.5,1,1
14993,564,1,55.316,1,1
14994,382,5,946.72,1,1
14995,39,4,463.96000000000004,0,1
14996,481,2,442.28999999999996,1,1
14997,46,7,1322.8,0,0
14998,170,6,1168.05,1,1
14999,593,1,129.48000000000002,1,1
15000,48,2,981.04,0,1
15001,394,2,199.10999999999999,1,1
15002,116,13,5779.84,1,0
15003,473,6,1027.03,1,1
15004,147,2,2441.54,1,1
15005,16,72,20049.95,0,0
15006,51,3,1238.16,0,1
15007,159,2,313.82,1,1
15008,480,2,360.0,1,1
15009,12,6,2518.86,0,0
15010,36,2,617.88,0,1
15011,396,2,416.6,1,1
15012,54,5,1051.3,0,1
15013,488,10,1610.82,1,1
15014,43,4,515.34,0,1
15015,501,13,2354.97,1,0
15016,173,6,790.93,1,1
15017,34,2,251.16,0,1
15018,39,6,992.4200000000001,0,0
15019,267,2,505.62,1,1
15020,379,1,198.47,1,1
15021,9,21,4372.36,0,0
15022,12,9,1985.83,0,0
15023,3,31,18299.06,0,0
15024,10,26,5195.82,0,0
15025,33,3,1341.75,0,1
15026,80,8,1517.8899999999999,0,0
15027,31,14,4261.75,0,0
15028,8,10,1590.07,0,0
15029,620,1,365.1,1,1
15030,72,10,2498.19,0,0
15031,4,18,3756.13,0,0
15032,256,11,15969.15,1,0
15033,5,20,5114.36,0,0
15034,16,22,12505.36,0,0
15035,90,2,505.46000000000004,0,1
15036,72,6,859.12,0,1
15037,376,2,397.76,1,1
15038,59,15,1832.27,0,0
15039,10,72,43467.106499999914,0,0
15040,542,1,55.316,1,1
15041,170,3,469.33,1,1
15042,199,3,451.38,1,1
15043,31,7,3407.3199999999997,0,0
15044,19,52,23658.88,0,0
15045,152,4,1471.32,1,1
15046,9,40,12714.21,0,0
15047,270,2,687.24,1,1
15048,65,8,762.0,0,1
15049,274,2,242.34000000000003,1,1
15050,25,8,5824.88,0,0
15051,23,12,5310.27,0,0
15052,319,2,415.46000000000004,1,1
15053,5,6,1387.9,0,0
15054,12,4,604.2,0,0
15055,475,3,549.12,1,1
15056,520,1,113.64999999999999,1,1
15057,275,7,4745.46,1,0
15058,25,27,5490.12,0,0
15059,41,28,4828.92,0,0
15060,8,8,588.5,0,0
15061,4,72,43467.106499999914,0,0
15062,71,12,3573.48,0,0
15063,213,2,741.5999999999999,1,1
15064,410,4,1254.41,1,1
15065,38,9,6484.99,0,0
15066,53,2,1787.18,0,1
15067,78,8,5607.64,0,0
15068,46,6,1728.26,0,0
15069,179,2,2219.06,1,1
15070,373,4,843.25,1,1
15071,94,6,2437.63,1,0
15072,479,1,187.51999999999998,1,1
15073,10,11,3831.43,0,0
15074,105,4,2288.8,1,1
15075,78,2,1546.06,0,1
15076,173,4,2328.59,1,1
15077,495,2,2428.08,1,1
15078,7,72,27029.84,0,0
15079,213,15,4521.01,1,0
15080,428,2,546.25,1,1
15081,22,17,2359.37,0,0
15082,669,1,93.35000000000001,1,1
15083,257,2,176.4,1,1
15084,380,2,965.2,1,1
15085,726,1,347.54,1,1
15086,565,2,218.53,1,1
15087,282,2,613.88,1,1
15088,21,4,2320.14,0,0
15089,10,12,4841.68,0,0
15090,308,2,762.64,1,1
15091,68,4,1527.32,0,1
15092,215,5,1234.27,1,1
15093,18,29,18299.4,0,0
15094,463,2,83.0,1,1
15095,104,14,4512.24,1,0
15096,43,2,438.78000000000003,0,1
15097,4,4,1156.43,0,0
15098,182,6,43467.106499999914,1,0
15099,84,2,820.96,0,1
15100,334,10,3069.8999999999996,1,0
15101,9,8,1795.47,0,0
15102,531,2,554.67,1,1
15103,31,4,1406.72,0,0
15104,197,4,1987.08,1,1
15105,18,16,5393.84,0,0
15106,18,10,2845.04,0,0
15107,311,15,1143.85,1,1
15108,142,8,2600.5,1,0
15109,246,4,1468.05,1,1
15110,24,10,2501.9500000000003,0,0
15111,29,8,4009.85,0,0
15112,611,1,209.4,1,1
15113,10,6,7018.86,0,0
15114,30,22,6160.68,0,0
15115,18,3,871.96,0,1
15116,18,8,2705.5,0,0
15117,15,13,4037.75,0,0
15118,134,2,489.6,1,1
15119,246,2,532.8,1,1
15120,134,2,717.64,1,1
15121,50,4,915.44,0,1
15122,114,14,6121.05,1,0
15123,7,7,6855.48,0,0
15124,23,6,635.01,0,0
15125,25,39,28553.35,0,0
15126,537,2,449.49,1,1
15127,66,3,1118.03,0,1
15128,60,9,3254.68,0,0
15129,50,34,10307.58,0,0
15130,170,2,660.22,1,1
15131,395,1,80.28,1,1
15132,18,10,1955.8600000000001,0,0
15133,128,8,2789.32,1,0
15134,15,18,2984.28,0,0
15135,239,3,444.73,1,1
15136,3,8,2573.4,0,0
15137,521,2,823.4,1,1
15138,394,1,502.52,1,1
15139,240,4,357.92,1,1
15140,52,15,5597.94,0,0
15141,458,7,1388.47,1,1
15142,46,7,3118.66,0,0
15143,226,3,823.08,1,1
15144,8,46,18740.75,0,0
15145,4,8,2389.46,0,0
15146,165,4,2654.32,1,1
15147,240,2,1247.0,1,1
15148,11,2,602.58,0,1
15149,134,6,2075.41,1,1
15150,17,23,14269.27,0,0
15151,423,2,2085.61,1,1
15152,10,27,10009.52,0,0
15153,31,2,658.5,0,1
15154,75,4,1598.0,0,1
15155,383,1,383.96999999999997,1,1
15156,1,6,1922.98,0,0
15157,4,8,4590.18,0,0
15158,45,3,1007.4200000000001,0,1
15159,2,64,40757.74,0,0
15160,357,5,747.4300000000001,1,1
15161,388,1,119.92,1,1
15162,726,1,312.9,1,1
15163,18,4,608.94,0,1
15164,69,12,2852.69,0,0
15165,373,2,975.5,1,1
15166,468,1,167.16,1,1
15167,321,6,1786.42,1,1
15168,26,2,213.12,0,1
15169,382,2,569.22,1,1
15170,407,1,81.15,1,1
15171,331,2,2579.0,1,1
15172,9,10,3248.1,0,0
15173,381,7,1494.6,1,1
15174,323,3,617.21,1,1
15175,72,2,448.28,0,1
15176,668,1,988.04,1,1
15177,426,1,948.93,1,1
15178,260,2,81.0,1,1
15179,18,18,9698.87,0,0
15180,367,4,904.4300000000001,1,1
15181,66,8,1889.6799999999998,0,0
15182,154,13,3621.802,1,0
15183,548,3,639.93,1,1
15184,29,6,1087.59,0,0
15185,70,2,621.24,0,1
15186,14,7,1814.6100000000001,0,0
15187,2,32,9554.36,0,0
15188,725,1,310.43,1,1
15189,1,72,33749.770000000004,0,0
15190,434,1,834.4399999999999,1,1
15191,463,3,588.05,1,1
15192,120,8,2710.71,1,0
15193,61,2,998.64,0,1
15194,3,43,19638.06,0,0
15195,3,2,7722.0,0,0
15196,433,2,313.7,1,1
15197,11,9,2957.12,0,0
15198,92,7,764.99,1,1
15199,59,14,4391.1,0,0
15200,495,1,549.05,1,1
15201,87,12,3079.4900000000002,0,0
15202,420,3,6001.49,1,1
15203,26,21,6227.98,0,0
15204,357,2,633.16,1,1
15205,85,4,1306.48,0,1
15206,10,8,840.5999999999999,0,0
15207,416,3,683.9200000000001,1,1
15208,1,11,1840.64,0,0
15209,726,1,178.98000000000002,1,1
15210,225,4,1507.3700000000001,1,1
15211,60,4,1788.8200000000002,0,1
15212,241,3,310.08,1,1
15213,319,4,656.7,1,1
15214,2,16,3322.88,0,0
15215,47,10,3157.37,0,0
15216,88,3,582.69,0,1
15217,563,1,426.24,1,1
15218,11,33,17225.72,0,0
15219,176,3,991.2,1,1
15220,52,12,3557.92,0,0
15221,366,5,2465.4500000000003,1,1
15222,319,12,4135.91,1,0
15223,226,7,2173.7,1,1
15224,358,7,1193.44,1,1
15225,234,2,818.8000000000001,1,1
15226,311,2,308.82,1,1
15227,37,14,3707.89,0,0
15228,66,10,8966.98,0,0
15229,586,1,160.5,1,1
15230,239,4,859.2,1,1
15231,621,1,250.26,1,1
15232,113,4,1224.12,1,1
15233,401,1,59.400000000000006,1,1
15234,277,2,394.0,1,1
15235,218,28,5020.27,1,0
15236,299,2,642.1,1,1
15237,2,8,2824.64,0,0
15238,29,6,2143.98,0,0
15239,10,4,1561.18,0,0
15240,45,17,6166.55,0,0
15241,67,19,4806.6,0,0
15242,422,1,302.04,1,1
15243,74,3,1243.96,0,1
15244,65,5,1543.65,0,1
15245,134,11,7126.68,1,0
15246,238,5,1294.55,1,1
15247,122,4,1332.06,1,1
15248,411,3,1893.93,1,1
15249,32,31,15954.460000000001,0,0
15250,641,1,60.0,1,1
15251,9,32,30809.53,0,0
15252,36,7,2844.19,0,0
15253,16,13,2973.29,0,0
15254,127,4,1388.71,1,1
15255,67,10,4596.87,0,0
15256,149,3,268.85,1,1
15257,283,3,1003.05,1,1
15258,169,4,1246.32,1,1
15259,513,4,1182.3799999999999,1,1
15260,100,32,10578.5,1,0
15261,135,5,1762.82,1,1
15262,324,4,597.77,1,1
15263,107,2,313.02,1,1
15264,64,3,1242.14,0,1
15265,151,6,4851.76,1,0
15266,338,6,971.51,1,1
15267,22,10,3434.72,0,0
15268,479,3,961.9000000000001,1,1
15269,24,4,1634.16,0,0
15270,16,28,10904.35,0,0
15271,7,39,7021.88,0,0
15272,57,8,2752.89,0,0
15273,600,1,228.96,1,1
15274,4,4,1433.14,0,0
15275,38,2,1230.28,0,1
15276,66,5,748.43,0,1
15277,47,3,732.24,0,1
15278,562,4,496.15999999999997,1,1
15279,355,6,1871.05,1,1
15280,172,4,510.64,1,1
15281,59,25,10875.72,0,0
15282,570,1,348.59,1,1
15283,390,3,148.33,1,1
15284,500,1,55.316,1,1
15285,408,1,94.92,1,1
15286,50,2,481.1,0,1
15287,22,7,1342.72,0,0
15288,43,15,6021.900000000001,0,0
15289,29,8,2532.87,0,0
15290,5,44,18439.5,0,0
15291,26,55,18186.06,0,0
15292,201,2,356.78,1,1
15293,666,1,247.5,1,1
15294,411,1,233.35,1,1
15295,654,1,207.04,1,1
15296,51,18,13995.89,0,0
15297,10,6,1283.88,0,0
15298,2,35,13861.67,0,0
15299,67,17,10663.54,0,0
15300,64,2,992.88,0,1
15301,51,29,11959.62,0,0
15302,726,1,308.0,1,1
15303,290,4,1798.2,1,1
15304,61,17,1490.8000000000002,0,0
15305,555,1,93.6,1,1
15306,64,12,4659.08,0,0
15307,96,2,410.6,1,1
15308,274,2,620.94,1,1
15309,611,4,797.96,1,1
15310,479,1,1634.64,1,1
15311,1,72,43467.106499999914,0,0
15312,75,16,3855.04,0,0
15313,110,2,104.0,1,1
15314,199,4,1148.42,1,1
15315,64,4,1141.0,0,1
15316,327,2,330.0,1,1
15317,677,1,129.75,1,1
15318,4,2,625.24,0,0
15319,284,2,409.0,1,1
15320,44,2,534.26,0,1
15321,71,15,9458.04,0,0
15322,86,3,2070.54,0,1
15323,563,3,434.6,1,1
15324,701,1,140.22000000000003,1,1
15325,104,9,1763.2,1,0
15326,334,6,2012.23,1,1
15327,53,2,417.5,0,1
15328,408,1,107.24,1,1
15329,39,14,4008.53,0,0
15330,32,4,1429.92,0,0
15331,500,3,767.91,1,1
15332,366,10,6553.74,1,0
15333,208,2,2057.12,1,1
15334,157,6,701.64,1,1
15335,54,2,340.44,0,1
15336,402,1,240.5,1,1
15337,411,1,373.02,1,1
15338,677,1,277.93,1,1
15339,66,9,2395.09,0,0
15340,562,1,105.5,1,1
15341,81,3,4423.24,0,0
15342,130,2,812.18,1,1
15343,87,2,729.0,0,1
15344,1,6,1127.88,0,0
15345,46,2,787.08,0,1
15346,333,4,848.54,1,1
15347,366,5,1363.6,1,1
15348,72,2,316.08,0,1
15349,158,4,927.8199999999999,1,1
15350,373,3,663.25,1,1
15351,12,17,5364.88,0,0
15352,549,1,111.15,1,1
15353,255,9,3564.59,1,0
15354,603,3,284.4,1,1
15355,29,4,554.1,0,1
15356,31,23,5957.6,0,0
15358,5,64,24773.06,0,0
15359,663,8,181.35,1,1
15360,40,2,855.86,0,1
15361,362,5,1107.99,1,1
15362,449,2,613.08,1,1
15363,373,3,1004.11,1,1
15364,96,4,1826.38,1,1
15365,26,20,6871.45,0,0
15366,75,9,2991.59,0,0
15367,57,15,6958.92,0,0
15368,21,3,1169.68,0,1
15369,492,11,6251.26,1,0
15370,41,15,6125.0599999999995,0,0
15371,662,1,59.400000000000006,1,1
15372,137,9,8024.46,1,0
15373,8,29,5500.45,0,0
15374,129,3,475.32,1,1
15375,690,1,60.959999999999994,1,1
15376,40,6,2443.12,0,0
15377,383,4,1211.75,1,1
15378,463,2,246.5,1,1
15379,169,15,8581.130000000001,1,0
15380,9,16,4939.22,0,0
15381,214,7,2487.42,1,1
15382,15,18,19689.260000000002,0,0
15384,170,6,2670.2,1,1
15385,40,4,1258.96,0,1
15386,186,2,788.28,1,1
15387,492,1,468.65,1,1
15388,270,2,281.08,1,1
15389,172,6,3233.8,1,0
15390,396,2,1216.66,1,1
15391,584,1,289.87,1,1
15392,5,11,4447.15,0,0
15393,16,7,1123.2,0,0
15394,10,15,7470.34,0,0
15395,326,2,214.9,1,1
15396,113,3,1084.56,1,1
15397,290,2,188.0,1,1
15398,16,4,2691.06,0,0
15399,1,6,1631.54,0,0
15400,92,13,2018.5,1,0
15401,452,2,216.95000000000002,1,1
15402,149,8,2457.31,1,0
15403,492,2,170.88,1,1
15404,376,1,257.06,1,1
15405,189,3,1008.94,1,1
15406,31,6,1486.58,0,0
15407,34,8,2093.48,0,0
15408,264,2,534.36,1,1
15409,721,1,131.25,1,1
15410,84,18,8136.56,0,0
15411,26,8,2697.86,0,0
15412,171,2,381.06,1,1
15413,692,5,6798.72,1,1
15414,10,6,1549.8000000000002,0,0
15415,313,2,1119.22,1,1
15416,65,11,8557.14,0,0
15417,85,2,1017.6,0,1
15418,425,2,449.42,1,1
15419,25,2,271.72,0,1
15420,434,6,743.0,1,1
15421,59,14,4755.7,0,0
15422,323,9,1717.67,1,1
15423,38,4,310.39,0,1
15424,254,5,981.12,1,1
15425,400,4,1941.1200000000001,1,1
15426,19,14,3560.42,0,0
15427,33,6,2861.08,0,0
15428,15,5,856.5300000000001,0,0
15429,27,4,794.7,0,1
15430,468,2,954.75,1,1
15431,503,1,153.24,1,1
15432,23,3,491.95000000000005,0,1
15433,214,4,1066.6,1,1
15434,8,16,3608.54,0,0
15435,22,2,298.58,0,1
15436,12,6,2135.5,0,0
15437,262,3,593.61,1,1
15438,131,2,313.15999999999997,1,1
15439,405,4,1269.05,1,1
15440,55,6,767.36,0,1
15441,396,3,1254.21,1,1
15442,249,2,1188.0,1,1
15443,2,21,8327.82,0,0
15444,9,4,2822.42,0,0
15445,264,3,398.0,1,1
15446,377,3,399.75,1,1
15447,331,6,648.05,1,1
15448,313,3,1283.45,1,1
15449,26,6,1949.04,0,0
15450,30,2,859.68,0,1
15451,434,2,226.86,1,1
15452,30,9,2313.59,0,0
15453,2,14,2743.54,0,0
15454,362,3,485.09,1,1
15455,598,1,55.316,1,1
15456,283,13,2526.11,1,0
15457,262,2,474.14,1,1
15458,25,3,532.0799999999999,0,1
15459,417,2,202.82999999999998,1,1
15460,354,2,428.52,1,1
15461,461,2,429.7,1,1
15462,94,7,971.65,1,1
15463,29,2,252.28,0,1
15464,338,2,2089.3,1,1
15465,20,50,19455.02,0,0
15466,85,5,1894.99,0,1
15467,9,6,1049.76,0,0
15468,51,5,1897.99,0,0
15469,50,5,1412.8,0,0
15470,576,1,63.419999999999995,1,1
15471,2,4,1746.49,0,0
15472,113,2,743.12,1,1
15473,14,15,3817.2,0,0
15474,596,1,150.35,1,1
15475,77,2,908.2199999999999,0,1
15476,380,4,2209.98,1,1
15477,650,1,368.4,1,1
15478,40,5,3383.4,0,0
15479,726,1,147.4,1,1
15480,116,6,7184.5,1,0
15481,401,1,1993.34,1,1
15482,16,31,25297.12,0,0
15483,161,14,1043.08,1,0
15484,1,10,8242.51,0,0
15485,30,10,7375.42,0,0
15486,527,1,102.0,1,1
15487,680,1,231.32,1,1
15488,93,6,523.24,1,1
15489,23,11,3553.89,0,0
15490,430,1,210.85,1,1
15491,95,12,6200.18,1,0
15492,28,4,1318.9199999999998,0,0
15493,33,14,6075.09,0,0
15494,21,7,4983.18,0,0
15495,379,1,246.5,1,1
15496,631,1,146.14000000000001,1,1
15497,18,11,9919.59,0,0
15498,3,71,38289.26,0,0
15499,724,1,158.65,1,1
15500,8,8,2263.12,0,0
15501,405,2,399.95,1,1
15502,16,26,23388.8,0,0
15503,363,3,398.34,1,1
15504,81,5,455.53000000000003,0,1
15505,53,10,7221.92,0,0
15506,23,9,3002.41,0,0
15507,172,2,951.72,1,1
15508,189,12,2000.54,1,0
15509,380,1,152.41,1,1
15510,331,2,500.0,1,1
15511,12,10,1801.06,0,0
15512,156,6,452.58,1,1
15513,33,54,41195.270000000004,0,0
15514,12,29,10415.78,0,0
15515,387,1,171.81,1,1
15516,45,6,124.86,0,1
15517,233,2,534.06,1,1
15518,64,23,6111.54,0,0
15519,383,2,344.61,1,1
15520,2,2,687.0,0,0
15521,40,24,10098.44,0,0
15522,33,4,795.98,0,1
15523,84,17,17671.2,0,0
15524,25,3,1031.4,0,1
15525,2,7,1624.59,0,0
15526,33,4,296.88,0,1
15527,19,31,7983.42,0,0
15528,254,2,458.66,1,1
15529,23,23,8746.26,0,0
15530,22,9,3305.9900000000002,0,0
15531,8,4,3944.78,0,0
15532,25,14,5303.58,0,0
15533,19,6,1615.14,0,0
15534,726,1,162.25,1,1
15535,173,10,1547.27,1,0
15536,409,1,259.09,1,1
15537,163,2,221.84,1,1
15538,538,6,3358.3999999999996,1,1
15539,7,2,1076.92,0,0
15540,11,3,673.98,0,1
15541,114,2,170.26000000000002,1,1
15542,512,3,855.71,1,1
15543,288,3,370.12,1,1
15544,9,29,11354.6,0,0
15545,54,4,577.9399999999999,0,1
15546,607,2,1079.1000000000001,1,1
15547,7,40,14967.65,0,0
15548,596,1,158.09,1,1
15549,77,11,4015.62,0,0
15550,4,16,2786.68,0,0
15551,37,8,2115.87,0,0
15552,217,3,342.64,1,1
15553,60,2,857.86,0,1
15554,278,2,434.4,1,1
15555,12,52,16038.77,0,0
15556,24,2,559.54,0,1
15557,29,2,937.82,0,1
15558,639,1,202.68,1,1
15559,568,1,1109.4,1,1
15560,398,2,153.52,1,1
15561,12,12,2734.98,0,0
15562,352,4,805.98,1,1
15563,22,11,4259.9,0,0
15564,463,2,70.74000000000001,1,1
15565,50,4,346.32,0,1
15566,393,2,227.87,1,1
15567,19,2,372.02,0,1
15568,3,6,1516.58,0,0
15569,104,15,4959.16,1,0
15570,7,37,12885.31,0,0
15571,12,18,4542.78,0,0
15572,5,17,6498.62,0,0
15573,32,7,1779.61,0,0
15574,178,10,1777.08,1,0
15575,620,1,55.316,1,1
15576,38,2,1842.74,0,1
15577,151,8,654.91,1,1
15578,162,2,254.2,1,1
15579,69,7,1578.23,0,0
15580,377,8,1375.39,1,1
15581,121,51,11156.17,1,0
15582,25,6,1365.8200000000002,0,0
15583,376,1,95.96,1,1
15584,24,10,1989.06,0,0
15585,177,2,910.6,1,1
15586,593,3,1139.1,1,1
15587,50,11,2435.76,0,0
15588,678,1,579.6,1,1
15589,256,6,957.0600000000001,1,1
15590,382,5,1496.6,1,1
15591,583,3,217.9,1,1
15592,47,2,777.16,0,1
15593,71,2,399.6,0,1
15594,16,10,3543.56,0,0
15595,488,1,357.6,1,1
15596,101,14,4134.31,1,0
15597,35,3,887.94,0,1
15598,53,3,788.7,0,1
15599,27,5,2011.8,0,0
15600,428,4,1199.31,1,1
15601,11,44,20968.3,0,0
15602,8,25,4435.83,0,0
15603,79,3,136.96,0,1
15604,52,2,432.78,0,1
15605,36,14,2940.1800000000003,0,0
15606,61,26,8151.15,0,0
15607,337,10,1813.73,1,1
15608,28,9,2879.66,0,0
15609,184,2,596.96,1,1
15610,52,2,224.92000000000002,0,1
15611,10,39,4588.7300000000005,0,0
15612,36,4,390.3,0,1
15613,610,1,433.71999999999997,1,1
15614,438,4,3147.36,1,1
15615,10,70,31773.71,0,0
15616,438,1,317.11,1,1
15617,396,3,828.5500000000001,1,1
15618,33,8,1553.702,0,0
15619,11,2,672.8000000000001,0,1
15620,57,7,3495.54,0,0
15621,4,8,2586.06,0,0
15622,43,26,11562.17,0,0
15623,141,9,2738.08,1,0
15624,117,8,1176.26,1,1
15625,104,13,4770.66,1,0
15626,75,5,1743.32,0,1
15627,457,2,566.9,1,1
15628,5,26,8203.32,0,0
15629,450,4,2240.9,1,1
15630,45,5,2667.75,0,0
15631,642,1,596.67,1,1
15632,16,16,6570.62,0,0
15633,509,13,4335.96,1,0
15634,17,3,798.2,0,1
15635,396,1,100.35,1,1
15636,90,6,2169.34,0,0
15637,53,6,1020.95,0,1
15638,379,6,2265.2,1,1
15639,134,4,1490.4,1,1
15640,4,44,35910.42,0,0
15641,105,16,7232.75,1,0
15642,726,1,105.78000000000002,1,1
15643,192,6,1328.0,1,1
15644,166,8,1607.08,1,1
15645,19,4,1667.18,0,0
15646,158,8,1232.45,1,1
15647,415,1,169.0,1,1
15648,204,4,1279.0,1,1
15649,336,6,2476.35,1,1
15650,522,2,553.88,1,1
15651,37,8,1905.36,0,0
15652,91,6,1743.68,1,0
15653,93,4,1754.8799999999999,1,1
15654,9,4,1845.06,0,0
15655,243,2,1121.34,1,1
15656,45,8,1497.0,0,0
15657,23,2,60.0,0,1
15658,190,13,3141.37,1,0
15659,44,4,838.9399999999999,0,1
15660,25,24,4204.55,0,0
15661,317,10,1525.75,1,1
15662,661,2,283.73,1,1
15663,106,2,276.28,1,1
15664,51,5,1640.46,0,0
15665,168,7,6209.28,1,0
15666,472,2,632.9399999999999,1,1
15667,40,2,602.64,0,1
15668,218,2,152.64000000000001,1,1
15669,40,8,1368.68,0,0
15670,297,3,498.25,1,1
15671,19,14,5314.26,0,0
15672,725,1,55.316,1,1
15673,88,13,8930.55,0,0
15674,73,18,9394.83,0,0
15675,81,7,865.73,0,1
15676,19,6,6871.52,0,0
15677,49,4,1962.86,0,0
15678,53,4,2178.64,0,0
15679,24,8,1562.56,0,0
15680,9,13,5362.37,0,0
15681,25,19,4415.86,0,0
15682,599,2,318.24,1,1
15683,117,3,718.29,1,1
15684,547,3,173.95,1,1
15685,450,1,55.980000000000004,1,1
15686,420,1,90.0,1,1
15687,9,18,5986.2,0,0
15688,419,1,190.57,1,1
15689,120,5,775.13,1,1
15690,4,4,479.52,0,0
15691,252,5,708.1,1,1
15692,28,2,382.08,0,1
15693,659,1,55.316,1,1
15694,1,38,16457.88,0,0
15695,267,6,1541.02,1,1
15696,33,21,6592.33,0,0
15697,690,1,246.75,1,1
15698,624,1,55.316,1,1
15699,18,2,619.3,0,1
15700,172,4,1393.36,1,1
15701,2,8,3058.0,0,0
15702,476,2,140.39000000000001,1,1
15703,265,2,423.0,1,1
15704,140,10,6028.28,1,0
15705,201,2,286.2,1,1
15706,64,8,2121.12,0,0
15707,35,8,1833.96,0,0
15708,41,16,7122.400000000001,0,0
15709,284,3,461.1,1,1
15710,417,1,898.87,1,1
15711,557,2,420.25,1,1
15712,9,17,4544.77,0,0
15713,143,6,1196.34,1,1
15714,12,7,1113.99,0,0
15715,556,5,658.02,1,1
15716,146,15,3586.37,1,0
15717,234,6,757.3000000000001,1,1
15718,540,1,293.79,1,1
15719,33,44,15226.04,0,0
15720,24,3,1337.95,0,1
15721,12,2,942.8000000000001,0,1
15722,36,16,7445.21,0,0
15723,365,5,1121.4,1,1
15724,201,5,529.1,1,1
15725,15,2,830.5,0,1
15726,390,1,321.91,1,1
15727,17,22,14530.77,0,0
15728,380,2,544.6,1,1
15729,213,4,277.55,1,1
15730,66,8,2847.46,0,0
15731,554,1,125.3,1,1
15732,212,12,1838.09,1,0
15733,283,2,324.6,1,1
15734,115,6,3602.75,1,0
15735,421,1,327.68,1,1
15736,435,2,1767.12,1,1
15737,15,16,2376.2400000000002,0,0
15738,19,57,17855.74,0,0
15739,66,2,898.24,0,1
15740,49,2,309.76,0,1
15741,458,2,208.62,1,1
15742,619,1,156.87,1,1
15743,16,8,1551.92,0,0
15744,78,2,69.6,0,1
15745,19,8,2189.18,0,0
15746,134,2,393.76,1,1
15747,13,12,3446.45,0,0
15748,40,4,754.1700000000001,0,1
15749,235,6,43467.106499999914,1,0
15750,3,26,8916.041,0,0
15751,461,11,1380.44,1,1
15752,40,16,6551.51,0,0
15753,305,2,158.4,1,1
15754,51,12,3496.18,0,0
15755,10,23,8357.37,0,0
15756,61,8,1056.02,0,0
15757,66,8,3654.78,0,0
15758,25,2,410.5,0,1
15759,218,10,1083.97,1,1
15760,631,2,13916.34,1,1
15761,443,1,143.05,1,1
15762,65,4,1167.5,0,1
15763,32,4,2173.84,0,0
15764,88,14,7783.05,0,0
15765,667,1,370.63,1,1
15766,64,4,1146.12,0,1
15768,116,37,15930.72,1,0
15769,7,72,43467.106499999914,0,0
15770,613,1,321.45,1,1
15771,604,3,1006.54,1,1
15772,418,1,280.88,1,1
15773,6,3,1410.2,0,0
15774,69,7,1559.14,0,0
15775,245,3,255.4,1,1
15776,133,2,483.24,1,1
15777,241,11,2809.72,1,0
15778,431,1,307.95,1,1
15779,463,2,124.08000000000001,1,1
15780,184,6,950.5600000000001,1,1
15781,25,6,690.92,0,0
15782,10,7,6628.84,0,0
15783,11,2,492.6,0,1
15784,468,2,848.3299999999999,1,1
15785,33,21,8298.9,0,0
15786,46,8,13420.62,0,0
15787,26,6,1866.52,0,0
15788,509,1,221.82999999999998,1,1
15789,358,7,2313.31,1,1
15790,10,2,437.5,0,1
15791,44,7,5221.03,0,0
15792,400,2,933.84,1,1
15793,15,11,3365.18,0,0
15794,726,2,777.0,1,1
15795,150,9,2589.88,1,0
15796,1,25,7880.240000000001,0,0
15797,113,10,5028.4800000000005,1,0
15798,493,3,1535.37,1,1
15799,76,7,2305.48,0,0
15800,107,9,1923.96,1,0
15801,46,6,2127.9,0,0
15802,143,2,902.84,1,1
15803,51,5,2345.48,0,0
15804,1,26,8412.78,0,0
15805,23,47,15637.11,0,0
15806,46,6,1569.16,0,0
15807,50,8,2721.42,0,0
15808,306,25,20831.52,1,0
15809,36,12,1790.21,0,0
15810,79,12,4391.02,0,0
15811,22,13,5704.77,0,0
15812,107,17,7002.610000000001,1,0
15813,208,4,2607.8199999999997,1,1
15814,17,10,4579.77,0,0
15815,64,10,4201.2,0,0
15816,542,2,144.14999999999998,1,1
15817,421,3,2766.4,1,1
15818,588,1,340.5,1,1
15819,49,14,5840.24,0,0
15820,320,2,413.96,1,1
15821,44,4,1141.92,0,1
15822,3,8,2725.53,0,0
15823,372,4,3897.17,1,1
15824,453,2,890.94,1,1
15825,172,2,1065.88,1,1
15826,56,7,4252.59,0,0
15827,73,42,5439.2300000000005,0,0
15828,375,1,1108.82,1,1
15829,99,4,1272.28,1,1
15830,38,2,1152.0,0,1
15831,58,6,1589.28,0,0
15832,254,2,1673.58,1,1
15833,726,1,80.4,1,1
15834,70,11,5989.54,0,0
15835,44,8,1908.18,0,0
15836,50,2,274.74,0,1
15837,65,3,1168.99,0,1
15838,11,53,43467.106499999914,0,0
15839,33,6,2096.98,0,0
15840,59,4,711.12,0,1
15841,73,13,3966.47,0,0
15842,393,2,548.8,1,1
15843,304,2,237.90000000000003,1,1
15844,46,2,261.47999999999996,0,1
15845,18,19,8138.05,0,0
15846,385,1,107.01,1,1
15847,38,7,1211.84,0,0
15848,622,1,137.99,1,1
15850,19,8,1241.6299999999999,0,0
15851,527,1,109.73,1,1
15852,187,5,417.97,1,1
15853,52,2,221.6,0,1
15854,4,33,8547.4,0,0
15855,137,11,1764.96,1,0
15856,4,72,43467.106499999914,0,0
15857,19,3,867.48,0,1
15858,16,18,4979.9800000000005,0,0
15859,432,1,438.46,1,1
15860,41,25,3326.46,0,0
15861,12,20,7516.12,0,0
15862,8,17,3345.17,0,0
15863,26,7,423.94,0,1
15864,22,13,4117.08,0,0
15865,41,8,3136.55,0,0
15866,101,2,423.78,1,1
15867,5,46,12733.44,0,0
15868,583,1,94.53,1,1
15869,277,5,470.75,1,1
15870,33,5,1208.9,0,0
15871,437,1,55.316,1,1
15872,15,6,1045.5,0,0
15873,500,4,313.91999999999996,1,1
15874,64,28,15690.64,0,0
15875,646,1,108.52,1,1
15876,409,2,1449.1399999999999,1,1
15877,2,4,980.66,0,0
15878,562,2,330.77,1,1
15879,404,4,1137.8,1,1
15880,369,2,658.0600000000001,1,1
15881,312,10,1002.7800000000001,1,1
15882,199,12,1641.02,1,0
15883,2,4,792.96,0,0
15884,432,2,244.60000000000002,1,1
15885,93,18,2331.17,1,0
15886,60,5,1233.96,0,1
15887,407,3,1027.15,1,1
15888,81,4,597.47,0,1
15889,157,10,1847.67,1,0
15890,395,5,535.65,1,1
15891,227,2,1023.36,1,1
15892,669,1,128.2,1,1
15893,482,1,305.28000000000003,1,1
15894,253,4,516.5,1,1
15895,150,2,358.34,1,1
15897,194,4,417.18,1,1
15898,1,30,6380.28,0,0
15899,369,2,112.5,1,1
15900,24,5,1223.85,0,0
15901,17,10,1039.45,0,0
15902,380,1,145.01,1,1
15903,10,19,14066.6,0,0
15904,8,2,329.36,0,1
15905,543,1,114.69,1,1
15906,20,17,4097.88,0,0
15907,4,6,1765.44,0,0
15908,491,2,758.62,1,1
15909,174,2,383.88,1,1
15910,1,23,3890.05,0,0
15911,624,8,1700.24,1,1
15912,178,11,1339.32,1,0
15913,534,1,55.316,1,1
15914,378,2,205.99,1,1
15915,402,1,364.45,1,1
15916,16,21,4648.1,0,0
15917,248,6,653.27,1,1
15918,191,5,917.11,1,1
15919,20,4,1051.38,0,0
15920,154,13,736.64,1,1
15921,173,5,1098.29,1,1
15922,373,2,739.0,1,1
15923,373,2,254.16,1,1
15924,726,1,102.82,1,1
15925,194,2,414.3,1,1
15926,542,1,134.44,1,1
15927,647,1,106.54,1,1
15928,656,1,293.53,1,1
15929,644,1,594.0,1,1
15930,67,2,853.26,0,1
15931,428,1,239.9,1,1
15932,4,16,4991.74,0,0
15933,21,6,2214.92,0,0
15934,418,2,2190.66,1,1
15935,239,4,833.72,1,1
15936,379,2,282.79,1,1
15937,64,2,290.7,0,1
15938,112,14,1139.39,1,0
15939,90,31,15175.4,0,0
15940,311,2,71.6,1,1
15941,637,1,405.0,1,1
15942,134,2,674.88,1,1
15943,650,2,271.28999999999996,1,1
15944,277,5,2489.34,1,1
15945,365,5,827.2700000000001,1,1
15946,503,3,2304.18,1,1
15947,83,2,3416.48,0,1
15948,8,5,2464.33,0,0
15949,17,4,729.44,0,1
15950,32,14,8865.62,0,0
15951,9,5,1721.39,0,0
15952,34,8,1563.82,0,0
15953,15,26,5097.62,0,0
15954,589,1,190.75,1,1
15955,24,36,12502.24,0,0
15956,551,2,617.6,1,1
15957,32,4,1350.14,0,0
15958,74,5,566.47,0,1
15959,682,3,542.89,1,1
15960,374,4,410.95,1,1
15961,379,1,451.28999999999996,1,1
15962,449,1,289.48,1,1
15963,20,4,941.52,0,0
15964,663,1,269.21000000000004,1,1
15965,17,17,3580.81,0,0
15966,451,1,426.53000000000003,1,1
15967,23,14,3363.68,0,0
15968,388,1,404.55,1,1
15969,3,8,1793.15,0,0
15970,304,3,1331.42,1,1
15971,18,30,10102.68,0,0
15972,456,5,1769.33,1,1
15973,367,4,988.44,1,1
15974,39,14,6884.3,0,0
15975,84,2,742.02,0,1
15976,165,8,2122.05,1,0
15977,17,4,2109.46,0,0
15978,77,4,4378.2,0,0
15979,603,1,329.22,1,1
15980,89,10,8942.54,0,0
15981,25,29,12771.25,0,0
15982,605,1,324.51,1,1
15983,22,12,4575.49,0,0
15984,3,40,11173.65,0,0
15985,123,9,3857.7000000000003,1,0
15986,30,3,522.54,0,1
15987,12,15,2968.76,0,0
15988,19,4,895.67,0,0
15989,376,2,368.31,1,1
15990,44,9,2789.86,0,0
15991,534,1,150.55,1,1
15992,4,4,938.59,0,0
15993,9,14,5555.34,0,0
15994,55,4,1589.95,0,1
15995,414,1,694.54,1,1
15996,88,13,2418.98,0,0
15998,37,21,11354.36,0,0
15999,726,1,55.316,1,1
16000,3,6,24787.4,0,0
16001,381,1,583.39,1,1
16002,625,1,169.21,1,1
16003,30,15,8349.2,0,0
16004,475,5,2146.39,1,1
16005,12,14,2944.2,0,0
16006,211,3,434.22,1,1
16007,48,11,4746.87,0,0
16008,24,18,5817.91,0,0
16009,22,8,1944.22,0,0
16010,246,14,2087.26,1,0
16011,8,45,8953.97,0,0
16012,35,8,4393.88,0,0
16013,4,72,43467.106499999914,0,0
16014,38,8,1747.1100000000001,0,0
16015,4,6,1409.1,0,0
16016,3,19,3548.91,0,0
16017,47,6,1757.46,0,0
16018,39,6,1107.03,0,0
16019,47,36,21115.4,0,0
16020,17,6,1702.02,0,0
16021,395,2,487.03,1,1
16022,260,2,1205.26,1,1
16023,46,6,1439.62,0,0
16024,12,4,735.02,0,0
16025,30,2,879.3199999999999,0,1
16026,43,2,472.18,0,1
16027,92,21,2982.98,1,0
16028,596,1,82.2,1,1
16029,39,72,43467.106499999914,0,0
16030,310,2,662.48,1,1
16031,92,4,1095.8,1,1
16032,456,6,1965.72,1,1
16033,6,47,19387.63,0,0
16034,196,9,1349.02,1,1
16035,560,1,217.73,1,1
16036,87,6,3315.76,0,0
16037,270,8,2364.36,1,1
16038,8,6,943.5600000000001,0,0
16039,424,2,456.4,1,1
16040,65,10,3730.4500000000003,0,0
16041,31,6,6332.8,0,0
16042,22,13,3422.79,0,0
16043,38,12,2630.58,0,0
16044,435,1,340.84000000000003,1,1
16045,120,12,4775.63,1,0
16046,562,1,235.78,1,1
16047,682,1,107.14,1,1
16048,373,6,1075.23,1,1
16049,40,9,2926.96,0,0
16050,174,4,438.6,1,1
16051,682,1,188.44,1,1
16052,54,2,724.12,0,1
16053,33,8,5146.79,0,0
16054,145,5,2895.78,1,1
16055,221,2,269.6,1,1
16056,45,2,1301.5,0,1
16057,16,17,6117.97,0,0
16058,406,1,62.7,1,1
16059,66,18,4506.7300000000005,0,0
16060,401,3,541.95,1,1
16061,431,1,89.65,1,1
16062,10,12,4017.07,0,0
16063,260,2,670.64,1,1
16064,725,1,109.31,1,1
16065,365,9,2359.27,1,1
16066,17,10,3042.08,0,0
16067,563,3,3269.11,1,1
16068,594,1,115.73,1,1
16069,418,1,457.7,1,1
16070,22,4,1704.3,0,0
16071,45,5,1403.04,0,0
16072,288,5,4764.41,1,1
16073,297,2,244.79999999999998,1,1
16074,390,1,252.5,1,1
16075,503,2,736.9300000000001,1,1
16076,3,20,4469.46,0,0
16077,626,1,2300.4,1,1
16078,284,3,442.19,1,1
16079,17,6,2704.0,0,0
16080,82,6,819.72,0,1
16081,56,13,7078.38,0,0
16082,670,1,106.75,1,1
16083,101,6,3669.04,1,0
16084,299,2,872.36,1,1
16085,23,17,3322.54,0,0
16086,59,15,3809.12,0,0
16087,389,5,1739.92,1,1
16088,576,2,1437.43,1,1
16089,386,2,263.49,1,1
16090,624,1,180.56,1,1
16091,155,4,630.12,1,1
16092,115,9,2405.8,1,0
16093,107,2,55.316,1,1
16094,12,15,4773.79,0,0
16095,456,1,447.05,1,1
16096,264,5,1905.5900000000001,1,1
16097,240,2,370.09999999999997,1,1
16098,88,21,6016.33,0,0
16099,50,10,2305.1,0,0
16100,463,1,582.64,1,1
16101,71,5,4519.86,0,0
16102,42,6,3684.28,0,0
16103,7,28,7621.35,0,0
16104,62,10,3072.67,0,0
16105,249,6,2723.15,1,1
16106,66,2,216.76,0,1
16107,18,14,6408.320000000001,0,0
16108,85,5,3078.42,0,0
16109,219,5,1551.36,1,1
16110,45,7,3102.54,0,0
16111,428,1,549.33,1,1
16112,143,8,391.47999999999996,1,1
16113,183,2,322.76,1,1
16114,171,2,271.50000000000006,1,1
16115,10,20,4214.68,0,0
16116,212,2,1225.56,1,1
16117,190,4,886.61,1,1
16118,653,1,4376.25,1,1
16119,8,10,2144.17,0,0
16120,59,10,4276.65,0,0
16121,57,7,2304.7,0,0
16122,73,10,1580.04,0,0
16123,52,2,615.56,0,1
16124,317,5,2021.49,1,1
16125,367,15,4581.7,1,0
16126,29,19,20932.37,0,0
16127,39,3,1457.56,0,1
16128,18,16,5681.27,0,0
16129,407,3,1396.05,1,1
16130,422,4,987.48,1,1
16131,52,18,13463.96,0,0
16132,544,2,664.1999999999999,1,1
16133,4,72,37581.3,0,0
16134,22,7,2763.43,0,0
16135,263,3,1337.0,1,1
16136,60,7,1656.18,0,0
16137,680,1,422.7,1,1
16138,379,3,910.35,1,1
16139,19,8,1746.56,0,0
16140,66,5,2158.64,0,0
16141,88,3,1576.3400000000001,0,1
16142,250,2,1070.68,1,1
16143,3,18,6980.02,0,0
16144,247,2,350.4,1,1
16145,9,30,10604.93,0,0
16146,157,7,1680.51,1,1
16147,134,6,2773.91,1,0
16148,296,3,462.94,1,1
16149,5,5,702.74,0,0
16150,43,15,6055.19,0,0
16152,269,2,3658.08,1,1
16153,50,16,6957.72,0,0
16155,382,5,796.9,1,1
16156,9,29,9280.22,0,0
16157,16,6,1313.38,0,0
16158,522,9,628.32,1,1
16159,282,5,1580.99,1,1
16160,65,4,2050.88,0,1
16161,2,62,18113.73,0,0
16162,252,2,74.8,1,1
16163,232,8,3264.58,1,0
16164,17,6,1644.96,0,0
16165,505,1,79.9,1,1
16166,428,2,435.83,1,1
16167,414,5,1386.1200000000001,1,1
16168,11,72,14148.27,0,0
16169,8,8,3645.94,0,0
16170,51,26,8754.05,0,0
16171,59,2,146.4,0,1
16172,95,13,3024.76,1,0
16173,16,12,2836.64,0,0
16174,126,10,3256.3,1,0
16175,94,11,2874.03,1,0
16176,421,4,2052.69,1,1
16177,50,9,2579.2599999999998,0,0
16178,138,3,810.5,1,1
16179,61,2,431.66,0,1
16180,100,21,26504.05,1,0
16181,73,2,611.08,0,1
16182,72,13,16589.3,0,0
16183,67,5,1416.52,0,1
16184,64,12,2317.58,0,0
16185,17,5,1174.13,0,0
16186,23,38,12725.37,0,0
16187,32,30,13822.880000000001,0,0
16188,45,9,2069.52,0,0
16189,16,4,430.96,0,1
16190,40,9,2938.63,0,0
16191,3,37,20858.34,0,0
16192,726,1,351.3,1,1
16193,237,3,944.88,1,1
16194,375,1,308.59999999999997,1,1
16195,723,1,323.25,1,1
16196,489,1,93.3,1,1
16197,469,9,2016.71,1,1
16198,75,3,1430.722,0,1
16199,392,7,942.75,1,1
16200,4,14,6676.97,0,0
16201,3,9,3975.59,0,0
16202,361,10,2867.26,1,0
16203,59,10,1536.74,0,0
16204,23,4,1302.89,0,0
16205,31,11,2577.74,0,0
16206,55,17,3126.93,0,0
16207,25,2,788.76,0,1
16208,45,12,4104.71,0,0
16209,89,14,6409.400000000001,0,0
16210,2,53,43467.106499999914,0,0
16211,89,4,1637.6100000000001,0,1
16212,19,6,1984.05,0,0
16213,79,2,318.0,0,1
16214,171,7,3101.0,1,0
16215,81,2,484.7,0,1
16216,267,2,1829.8600000000001,1,1
16217,235,4,608.5,1,1
16218,30,20,7053.35,0,0
16219,501,1,55.316,1,1
16221,37,12,2880.78,0,0
16222,318,3,2045.6000000000001,1,1
16223,375,2,1087.05,1,1
16224,57,9,2911.84,0,0
16225,45,20,3955.63,0,0
16226,203,8,927.2900000000001,1,1
16227,225,4,1341.44,1,1
16228,385,3,885.71,1,1
16229,87,8,3878.46,0,0
16230,190,4,1084.06,1,1
16231,379,4,1074.47,1,1
16232,44,11,3703.85,0,0
16233,71,12,2354.9900000000002,0,0
16234,476,3,333.18,1,1
16235,41,14,2921.02,0,0
16236,78,2,864.4,0,1
16237,437,1,136.65,1,1
16238,423,1,63.66,1,1
16239,57,8,1906.4,0,0
16240,24,4,7437.6,0,0
16241,10,29,6583.17,0,0
16242,8,21,10984.51,0,0
16243,34,4,818.2,0,1
16244,212,4,3045.5,1,1
16245,24,6,2827.32,0,0
16246,460,2,821.35,1,1
16247,170,2,229.12,1,1
16248,62,2,305.88,0,1
16249,53,10,3600.14,0,0
16250,261,5,954.68,1,1
16251,512,1,128.31,1,1
16252,383,1,295.09000000000003,1,1
16253,67,9,10956.06,0,0
16254,378,3,967.44,1,1
16255,17,23,7149.91,0,0
16256,267,4,2381.8,1,1
16257,177,2,93.9,1,1
16258,45,20,17146.03,0,0
16259,410,3,340.94,1,1
16260,51,2,2070.9,0,1
16261,17,10,1769.7,0,0
16262,378,1,755.15,1,1
16263,423,1,348.16,1,1
16264,438,2,823.53,1,1
16265,9,21,12382.17,0,0
16266,74,21,2619.84,0,0
16267,591,1,186.66,1,1
16268,71,4,1335.3,0,1
16269,438,1,717.57,1,1
16270,353,2,2282.48,1,1
16271,3,15,4802.46,0,0
16272,117,2,823.4,1,1
16273,648,2,318.34000000000003,1,1
16274,373,2,703.5,1,1
16275,197,4,2710.98,1,1
16276,177,4,3439.9900000000002,1,1
16277,726,1,188.69,1,1
16278,100,4,1684.22,1,1
16279,21,12,7201.06,0,0
16280,725,1,238.05,1,1
16281,72,4,5486.08,0,0
16282,340,4,1475.88,1,1
16283,6,13,5921.13,0,0
16284,31,5,1831.16,0,0
16285,646,1,176.9,1,1
16286,477,2,328.95,1,1
16287,170,6,1149.48,1,1
16288,470,1,129.85,1,1
16289,462,1,136.31,1,1
16290,465,4,1957.7,1,1
16291,682,1,117.72,1,1
16292,122,6,1556.01,1,1
16293,22,25,6528.1900000000005,0,0
16294,477,1,126.05000000000001,1,1
16295,10,8,2657.1,0,0
16296,626,4,1313.67,1,1
16297,269,2,603.8,1,1
16298,23,10,1683.9,0,0
16299,477,1,193.65,1,1
16300,430,3,1367.32,1,1
16301,726,1,107.33,1,1
16302,127,2,466.44,1,1
16303,26,10,13288.9,0,0
16304,695,1,381.66,1,1
16305,139,2,722.4399999999999,1,1
16306,214,13,1756.99,1,0
16307,429,3,1194.92,1,1
16308,38,11,7680.0,0,0
16309,106,4,1413.14,1,1
16310,414,2,460.08,1,1
16311,18,4,1232.52,0,0
16312,432,1,171.15,1,1
16313,3,4,548.3000000000001,0,0
16314,390,3,1491.4,1,1
16315,331,3,629.08,1,1
16316,64,21,8683.82,0,0
16317,120,8,3534.16,1,0
16318,35,2,656.3,0,1
16319,218,2,808.8000000000001,1,1
16320,172,8,6667.45,1,0
16321,72,12,978.2,0,0
16322,1,4,653.5,0,0
16323,196,3,561.1600000000001,1,1
16324,128,6,817.1800000000001,1,1
16325,47,15,4191.74,0,0
16326,6,38,7760.47,0,0
16327,14,22,13979.91,0,0
16328,563,1,310.83,1,1
16329,428,4,1664.92,1,1
16330,18,10,877.29,0,0
16331,432,6,2037.7,1,1
16332,28,18,3582.81,0,0
16333,8,44,43467.106499999914,0,0
16334,492,1,263.73,1,1
16335,552,7,2753.52,1,1
16336,421,4,3517.69,1,1
16337,37,2,302.1,0,1
16338,157,2,429.59999999999997,1,1
16339,284,2,188.1,1,1
16340,107,4,2030.55,1,1
16341,25,11,5822.66,0,0
16342,75,8,644.82,0,1
16343,16,5,942.7,0,0
16344,158,5,943.52,1,1
16345,44,3,1744.25,0,1
16346,385,1,224.51,1,1
16347,11,13,4290.41,0,0
16348,32,15,3160.07,0,0
16349,291,2,107.0,1,1
16350,21,13,3370.36,0,0
16351,333,14,3483.93,1,0
16352,18,4,988.88,0,0
16353,4,61,16471.170000000002,0,0
16354,63,7,1515.26,0,0
16355,375,1,416.35,1,1
16356,198,9,627.64,1,1
16357,33,7,1527.25,0,0
16358,1,9,4947.150000000001,0,0
16359,7,25,4448.67,0,0
16360,5,12,6900.82,0,0
16361,10,8,1782.42,0,0
16362,32,11,1632.15,0,0
16363,53,2,218.72000000000003,0,1
16364,12,4,1411.58,0,0
16365,18,24,4707.76,0,0
16366,19,5,1875.43,0,0
16367,37,5,2151.15,0,0
16368,2,5,1101.3500000000001,0,0
16369,18,10,4201.97,0,0
16370,82,8,2603.82,0,0
16371,449,1,157.2,1,1
16372,33,7,1646.04,0,0
16373,382,2,309.49,1,1
16374,66,7,2190.13,0,0
16375,470,2,104.0,1,1
16376,9,4,1949.92,0,0
16377,267,3,1984.68,1,1
16378,247,6,725.9,1,1
16379,4,8,4314.8,0,0
16380,61,2,3486.2999999999997,0,1
16381,396,2,247.85,1,1
16382,408,2,353.1,1,1
16383,75,9,3540.45,0,0
16384,90,6,1943.45,0,0
16385,60,8,1436.21,0,0
16386,29,5,1370.73,0,0
16387,323,6,976.82,1,1
16388,654,1,186.05,1,1
16389,53,8,2764.14,0,0
16390,537,3,467.5,1,1
16391,401,4,1052.26,1,1
16392,270,4,974.59,1,1
16393,2,36,8338.73,0,0
16394,57,10,3110.68,0,0
16395,61,19,5000.47,0,0
16396,476,1,137.8,1,1
16397,628,1,123.13,1,1
16398,154,4,3411.6,1,1
16399,19,5,1038.24,0,0
16400,95,10,3363.7799999999997,1,0
16401,1,35,10947.47,0,0
16402,265,4,586.9,1,1
16403,312,2,355.0,1,1
16404,70,2,886.1,0,1
16405,302,4,334.5,1,1
16406,19,4,682.71,0,1
16407,13,24,4841.33,0,0
16408,591,1,231.93,1,1
16409,36,17,7675.72,0,0
16410,726,1,130.32,1,1
16411,19,6,968.09,0,0
16412,54,6,729.18,0,1
16413,57,3,784.23,0,1
16414,22,7,677.46,0,0
16415,44,4,897.03,0,1
16416,27,12,4009.2799999999997,0,0
16417,493,1,55.316,1,1
16418,45,8,1659.8600000000001,0,0
16419,113,14,2422.41,1,0
16420,396,1,75.0,1,1
16421,376,3,526.27,1,1
16422,17,72,43467.106499999914,0,0
16423,25,2,692.24,0,1
16424,191,3,576.62,1,1
16425,302,2,605.4,1,1
16426,2,20,3727.52,0,0
16427,263,4,482.12,1,1
16428,414,3,638.49,1,1
16429,106,2,569.1,1,1
16430,57,8,1418.79,0,0
16431,213,6,1246.56,1,1
16432,64,2,574.8,0,1
16433,28,3,568.78,0,1
16434,29,19,4185.49,0,0
16435,512,3,1003.0699999999999,1,1
16436,668,3,319.14,1,1
16437,381,2,301.25,1,1
16438,6,10,1596.7,0,0
16439,722,1,310.70000000000005,1,1
16440,8,11,7497.64,0,0
16441,67,7,1400.33,0,0
16442,2,8,1501.28,0,0
16443,521,1,162.24,1,1
16444,46,21,4280.55,0,0
16445,34,5,813.67,0,1
16446,1,4,43467.106499999914,0,0
16447,136,4,983.01,1,1
16448,198,3,544.11,1,1
16449,198,4,1415.38,1,1
16450,150,4,1817.65,1,1
16451,88,4,1280.1200000000001,0,1
16452,631,2,332.17,1,1
16453,531,2,251.71,1,1
16454,45,6,55.316,0,1
16455,64,18,5836.75,0,0
16456,99,18,8159.12,1,0
16457,218,2,416.72,1,1
16458,3,48,9173.630000000001,0,0
16459,726,1,71.78999999999999,1,1
16460,28,6,1622.46,0,0
16461,178,4,1688.75,1,1
16462,74,6,272.0,0,1
16463,21,8,2844.8,0,0
16464,20,6,2597.32,0,0
16465,421,2,746.24,1,1
16466,34,22,5363.05,0,0
16467,509,7,2869.16,1,1
16468,74,4,862.4200000000001,0,1
16469,24,9,1429.32,0,0
16470,52,15,3169.62,0,0
16471,275,5,1413.93,1,1
16472,434,2,789.6,1,1
16473,165,7,786.94,1,1
16474,7,14,3621.3,0,0
16475,88,8,1088.6,0,0
16476,432,1,350.35,1,1
16477,64,18,6588.83,0,0
16478,25,6,662.0,0,0
16479,10,4,601.66,0,0
16480,76,2,1538.58,0,1
16481,682,1,453.38,1,1
16482,16,2,441.24,0,1
16483,192,2,278.7,1,1
16484,174,4,808.6,1,1
16485,77,6,2650.84,0,0
16486,538,1,134.36,1,1
16487,577,2,209.4,1,1
16488,33,6,997.6,0,0
16489,380,2,303.7,1,1
16490,436,1,205.41000000000003,1,1
16491,47,3,2264.66,0,1
16492,541,1,385.56,1,1
16493,80,11,3483.72,0,0
16494,297,2,1653.06,1,1
16495,3,6,1296.52,0,0
16496,9,9,3930.29,0,0
16497,50,29,9660.97,0,0
16498,161,4,201.94,1,1
16499,360,10,2943.79,1,0
16500,5,15,1244.77,0,0
16501,383,1,1191.23,1,1
16502,620,2,258.55,1,1
16503,107,15,5046.27,1,0
16504,25,2,931.76,0,1
16505,32,2,1555.2,0,1
16506,20,4,180.60000000000002,0,1
16507,572,1,142.71,1,1
16508,630,1,240.95,1,1
16509,297,2,727.4,1,1
16510,372,7,2025.6,1,1
16511,22,9,2678.82,0,0
16513,5,8,1749.18,0,0
16515,52,15,4803.2,0,0
16516,30,2,203.39999999999998,0,1
16517,277,2,325.4,1,1
16518,61,6,1443.69,0,0
16519,25,6,654.14,0,0
16520,186,9,3194.9500000000003,1,0
16521,415,3,1140.11,1,1
16522,436,2,433.36,1,1
16523,2,49,21334.8,0,0
16524,446,2,306.19,1,1
16525,2,72,37178.75,0,0
16526,172,3,1007.5699999999999,1,1
16527,81,3,1461.0,0,1
16528,4,2,488.82,0,1
16529,190,5,2442.05,1,1
16530,668,1,55.316,1,1
16531,22,18,3542.92,0,0
16532,18,8,15505.44,0,0
16533,19,6,2165.62,0,0
16534,642,1,635.9,1,1
16535,5,4,1565.79,0,0
16536,110,2,1096.24,1,1
16537,641,1,55.316,1,1
16538,541,3,395.07,1,1
16539,3,14,4678.47,0,0
16540,414,1,205.75,1,1
16541,726,1,424.03,1,1
16542,54,3,376.94,0,1
16543,592,1,292.21,1,1
16544,520,4,376.70000000000005,1,1
16545,165,3,1029.1200000000001,1,1
16546,291,7,6094.22,1,0
16547,546,1,104.25999999999999,1,1
16548,599,1,55.316,1,1
16549,10,44,16816.7,0,0
16550,109,23,11112.55,1,0
16551,96,10,3159.24,1,0
16552,243,4,759.46,1,1
16553,163,45,22303.83,1,0
16554,42,11,3678.82,0,0
16555,35,8,2201.57,0,0
16556,67,24,11326.37,0,0
16557,24,4,563.7,0,1
16558,1,58,21642.6,0,0
16559,397,1,175.0,1,1
16560,27,10,3889.79,0,0
16561,6,4,1022.24,0,0
16562,477,1,223.85999999999999,1,1
16563,54,7,5490.3,0,0
16564,569,1,87.8,1,1
16565,364,5,946.75,1,1
16566,15,10,1229.32,0,0
16567,194,4,1731.2,1,1
16568,428,2,1020.9000000000001,1,1
16569,3,6,1579.43,0,0
16570,15,30,11172.710000000001,0,0
16571,27,13,5670.43,0,0
16572,127,6,2019.2,1,1
16573,85,4,1327.22,0,1
16574,71,4,1753.22,0,1
16576,420,2,540.87,1,1
16577,667,1,380.0,1,1
16578,626,1,156.6,1,1
16579,426,1,295.05,1,1
16581,183,2,211.68,1,1
16582,113,2,627.24,1,1
16583,374,3,531.4,1,1
16584,80,7,4092.25,0,0
16585,594,2,341.59,1,1
16586,249,4,1926.73,1,1
16587,232,2,450.3,1,1
16588,386,4,1361.28,1,1
16589,71,7,1071.6,0,1
16590,401,2,605.9,1,1
16591,69,2,427.0,0,1
16592,4,44,11921.59,0,0
16593,51,11,1401.1699999999998,0,0
16594,75,2,362.18,0,1
16595,61,6,2117.91,0,0
16596,16,6,709.13,0,0
16597,4,2,180.08,0,1
16598,286,2,290.09999999999997,1,1
16599,386,1,172.8,1,1
16600,4,19,2966.93,0,0
16601,41,4,919.6999999999999,0,1
16602,36,3,1291.41,0,1
16603,75,4,964.94,0,1
16604,563,2,432.45,1,1
16605,724,1,60.48,1,1
16606,404,2,357.66,1,1
16607,18,39,9054.58,0,0
16608,454,2,1286.6200000000001,1,1
16609,15,14,10986.92,0,0
16610,219,2,151.32,1,1
16611,186,7,1914.6200000000001,1,1
16612,33,13,4433.09,0,0
16613,70,2,1237.18,0,1
16614,183,4,1685.98,1,1
16615,626,1,291.5,1,1
16616,15,4,1000.84,0,0
16617,236,2,303.7,1,1
16618,31,10,5295.18,0,0
16619,264,5,2164.54,1,1
16620,4,8,1937.89,0,0
16621,52,8,1626.96,0,0
16622,544,1,225.4,1,1
16623,246,5,1144.69,1,1
16624,81,4,1621.1399999999999,0,1
16625,275,6,1987.1100000000001,1,1
16626,1,34,8826.2,0,0
16627,79,2,645.6,0,1
16628,30,12,4506.15,0,0
16629,74,4,817.26,0,1
16630,407,1,106.80000000000001,1,1
16631,482,7,1892.52,1,1
16632,486,2,406.4,1,1
16633,17,12,5766.2,0,0
16634,223,8,1867.71,1,1
16635,407,1,473.0,1,1
16636,438,4,3802.04,1,1
16637,32,8,2308.94,0,0
16638,23,25,4060.85,0,0
16639,31,7,3005.4900000000002,0,0
16640,398,1,179.4,1,1
16641,106,3,785.6,1,1
16642,5,5,1765.78,0,0
16643,246,3,1410.6200000000001,1,1
16644,178,4,1667.56,1,1
16645,726,1,160.39,1,1
16646,449,1,678.8,1,1
16647,170,6,755.96,1,1
16648,43,4,963.4599999999999,0,1
16649,520,1,306.58000000000004,1,1
16650,72,8,2434.5299999999997,0,0
16651,587,1,136.2,1,1
16652,59,23,24324.36,0,0
16653,16,4,2425.32,0,0
16654,141,12,2085.34,1,0
16655,18,19,10212.78,0,0
16656,22,45,25458.97,0,0
16657,10,8,1748.86,0,0
16658,368,7,814.07,1,1
16659,189,2,78.24,1,1
16660,16,11,3147.2,0,0
16661,540,4,932.76,1,1
16662,394,1,151.05,1,1
16663,726,1,165.0,1,1
16664,569,1,109.2,1,1
16665,362,2,270.79999999999995,1,1
16666,19,3,336.69,0,1
16667,68,4,1134.3600000000001,0,1
16668,15,19,1169.1399999999999,0,0
16669,24,6,2697.76,0,0
16670,17,31,12126.050000000001,0,0
16671,28,6,3384.54,0,0
16672,2,40,16269.880000000001,0,0
16673,679,1,171.13,1,1
16674,55,4,608.48,0,1
16675,442,2,608.86,1,1
16676,34,10,3954.02,0,0
16677,411,2,880.62,1,1
16678,3,24,6219.98,0,0
16679,366,4,793.06,1,1
16680,43,4,1005.15,0,1
16681,73,13,3692.18,0,0
16682,5,10,2056.0,0,0
16683,534,1,320.25,1,1
16684,4,72,43467.106499999914,0,0
16685,61,4,648.48,0,1
16686,47,23,7840.95,0,0
16687,391,1,157.63,1,1
16688,1,8,2521.72,0,0
16689,76,4,845.1999999999999,0,1
16690,72,6,578.61,0,1
16691,418,2,178.83,1,1
16692,256,6,3190.7,1,1
16693,69,7,1657.34,0,0
16694,723,1,98.30000000000001,1,1
16695,562,2,191.9,1,1
16696,135,8,1315.8000000000002,1,1
16697,241,2,225.5,1,1
16698,227,4,3996.0,1,1
16699,380,7,994.6,1,1
16700,9,38,13907.32,0,0
16701,9,39,15315.03,0,0
16702,415,4,1110.83,1,1
16704,618,2,664.16,1,1
16705,1,62,43467.106499999914,0,0
16706,37,6,1062.7,0,0
16707,400,4,533.41,1,1
16708,46,2,1313.26,0,1
16709,85,19,12085.880000000001,0,0
16710,19,32,8389.34,0,0
16711,3,14,4519.51,0,0
16712,9,24,7844.18,0,0
16713,19,47,21026.34,0,0
16714,219,7,2626.39,1,1
16715,78,3,927.24,0,1
16716,267,5,3050.88,1,1
16717,24,20,10506.76,0,0
16718,369,6,3612.13,1,1
16719,15,21,5283.84,0,0
16720,26,4,911.69,0,1
16721,262,2,584.94,1,1
16722,17,35,12920.37,0,0
16723,91,6,1807.76,1,0
16724,405,1,147.35,1,1
16725,302,21,2446.53,1,0
16726,26,12,3422.62,0,0
16727,364,5,1634.09,1,1
16728,46,8,2096.56,0,0
16729,38,42,14410.66,0,0
16730,52,6,1486.22,0,0
16731,648,1,170.3,1,1
16732,32,5,4991.39,0,0
16733,530,1,259.68,1,1
16734,52,6,1293.52,0,0
16735,79,19,8464.82,0,0
16736,506,5,2956.56,1,1
16737,53,3,1252.8,0,1
16738,298,2,55.316,1,1
16739,177,3,1109.43,1,1
16740,395,1,226.91,1,1
16741,625,1,173.06,1,1
16742,47,15,3264.77,0,0
16743,29,21,6425.28,0,0
16744,11,14,2583.82,0,0
16745,87,34,14361.4,0,0
16746,5,60,24726.86,0,0
16747,38,4,1672.12,0,0
16748,18,19,5153.2300000000005,0,0
16749,591,2,4157.88,1,1
16750,45,10,1247.86,0,0
16751,31,2,3529.44,0,0
16752,373,2,415.0,1,1
16753,58,2,447.84000000000003,0,1
16754,372,30,43467.106499999914,1,0
16755,114,10,4340.11,1,0
16756,215,8,1551.77,1,1
16757,319,3,377.31,1,1
16758,65,2,738.6800000000001,0,1
16759,8,6,1579.58,0,0
16760,430,1,228.0,1,1
16761,97,2,633.24,1,1
16762,20,6,2414.48,0,0
16763,199,3,1576.55,1,1
16764,4,26,5581.900000000001,0,0
16765,294,3,488.75,1,1
16766,273,4,2291.2,1,1
16767,31,26,13632.32,0,0
16768,48,12,2176.66,0,0
16769,260,5,1478.59,1,1
16770,58,14,2536.03,0,0
16771,33,15,6192.21,0,0
16772,423,3,3698.0499999999997,1,1
16773,57,4,592.83,0,1
16774,68,12,2229.0,0,0
16775,10,27,4512.35,0,0
16776,60,3,964.05,0,1
16777,80,7,1514.8,0,0
16778,74,4,491.88,0,1
16779,2,72,43420.75,0,0
16780,100,5,1018.64,1,1
16781,372,3,934.25,1,1
16782,10,51,11904.07,0,0
16783,437,1,391.95,1,1
16784,20,6,999.93,0,0
16785,410,1,533.78,1,1
16786,394,1,55.316,1,1
16787,398,4,1017.53,1,1
16788,123,7,2523.32,1,0
16789,8,2,161.6,0,1
16790,4,12,3091.2400000000002,0,0
16791,29,22,5663.41,0,0
16792,282,7,733.84,1,1
16793,57,2,487.68,0,1
16794,1,25,3249.2,0,0
16795,365,4,2477.29,1,1
16796,89,2,611.24,0,1
16797,393,5,1802.02,1,1
16798,554,3,841.16,1,1
16799,432,2,452.78000000000003,1,1
16800,11,2,2325.3,0,0
16801,163,8,3188.46,1,0
16802,679,2,582.61,1,1
16803,65,2,664.6,0,1
16804,23,6,1073.98,0,0
16805,174,7,1551.93,1,1
16806,103,8,1524.32,1,0
16807,143,9,3245.47,1,0
16808,99,4,576.84,1,1
16809,23,14,2642.12,0,0
16810,192,3,1151.58,1,1
16811,5,4,1094.14,0,0
16812,361,5,2871.35,1,1
16813,8,20,3304.36,0,0
16814,14,57,18341.55,0,0
16815,454,2,406.02,1,1
16816,103,8,834.12,1,1
16817,3,22,4165.45,0,0
16818,11,22,6699.14,0,0
16819,465,2,182.59,1,1
16820,96,2,995.22,1,1
16821,382,1,113.35,1,1
16822,686,1,181.39,1,1
16823,227,8,2601.47,1,0
16824,16,5,1146.88,0,0
16825,39,7,2602.07,0,0
16826,51,2,683.4,0,1
16827,393,5,392.13,1,1
16828,93,4,257.0,1,1
16829,157,3,710.54,1,1
16830,39,5,1533.41,0,0
16831,565,1,91.8,1,1
16832,184,8,616.76,1,1
16833,1,10,3515.57,0,0
16834,228,3,1312.42,1,1
16835,128,8,1637.51,1,0
16836,40,6,1034.24,0,0
16837,31,22,6341.96,0,0
16838,197,6,1748.46,1,1
16839,9,72,38352.6,0,0
16840,603,2,139.85,1,1
16841,37,18,5875.88,0,0
16842,101,6,2528.38,1,0
16843,43,51,29768.0,0,0
16844,563,2,614.34,1,1
16845,618,1,253.88,1,1
16846,50,4,1056.73,0,1
16847,43,3,808.33,0,1
16848,53,5,1693.04,0,0
16849,187,2,249.14,1,1
16850,334,2,664.82,1,1
16851,4,6,684.9,0,0
16852,10,4,289.82000000000005,0,1
16854,417,2,1408.96,1,1
16855,24,4,656.8,0,1
16856,15,4,393.89000000000004,0,1
16857,443,1,352.8,1,1
16858,369,11,4668.28,1,0
16859,145,9,2680.22,1,0
16860,453,3,1610.62,1,1
16861,60,7,1120.35,0,0
16862,547,4,662.33,1,1
16863,31,5,1337.07,0,0
16864,434,2,409.25,1,1
16865,402,1,130.95,1,1
16866,141,6,415.47999999999996,1,1
16867,690,1,76.74000000000001,1,1
16868,394,3,384.56,1,1
16869,23,8,1634.24,0,0
16870,469,1,450.15999999999997,1,1
16871,22,12,5624.68,0,0
16872,77,9,1893.15,0,0
16873,5,18,21741.01,0,0
16874,379,1,209.89000000000001,1,1
16875,67,16,6330.06,0,0
16876,404,1,136.01,1,1
16877,12,12,1693.24,0,0
16878,84,2,55.316,0,1
16880,31,15,3304.64,0,0
16881,67,2,864.0,0,1
16882,67,6,1410.24,0,0
16883,187,21,2518.54,1,0
16884,38,6,1500.81,0,0
16885,15,7,1135.01,0,0
16886,456,1,134.0,1,1
16887,35,4,850.5,0,1
16888,401,3,434.2,1,1
16889,195,9,4105.32,1,0
16890,477,3,285.41,1,1
16891,2,16,2470.37,0,0
16892,1,12,1272.94,0,0
16893,367,3,395.82,1,1
16894,502,3,1306.96,1,1
16895,65,6,1305.17,0,0
16896,555,1,103.95,1,1
16897,299,4,579.56,1,1
16898,26,8,1386.24,0,0
16899,8,14,2966.83,0,0
16900,17,6,1774.22,0,0
16901,726,1,204.26,1,1
16902,116,2,3413.76,1,1
16903,29,4,1404.95,0,0
16904,4,37,8329.11,0,0
16905,5,24,7744.37,0,0
16906,82,11,1970.51,0,0
16907,29,14,2399.65,0,0
16908,722,1,252.59,1,1
16909,72,2,758.28,0,1
16910,4,16,3017.92,0,0
16911,636,2,255.25,1,1
16912,29,26,7016.09,0,0
16913,290,4,537.35,1,1
16914,36,2,367.52,0,1
16915,9,17,2164.86,0,0
16916,24,6,1464.43,0,0
16917,277,3,2243.4,1,1
16918,50,22,4275.36,0,0
16919,156,35,7501.91,1,0
16920,411,1,355.45,1,1
16921,61,4,563.39,0,1
16922,573,1,611.08,1,1
16923,12,51,20226.21,0,0
16924,21,6,1659.78,0,0
16925,540,1,125.65,1,1
16926,371,6,1399.8600000000001,1,1
16927,116,6,1086.1,1,1
16928,80,46,6712.23,0,0
16929,4,14,2590.78,0,0
16930,26,6,757.78,0,0
16931,5,44,9587.09,0,0
16932,53,4,562.78,0,1
16933,1,11,3662.53,0,0
16934,55,8,3014.17,0,0
16935,382,3,530.86,1,1
16936,26,3,810.19,0,1
16937,499,1,196.25,1,1
16938,9,13,9707.04,0,0
16939,489,3,433.85,1,1
16940,52,11,9477.539999999999,0,0
16941,612,1,55.316,1,1
16942,13,18,3809.98,0,0
16943,212,8,2116.22,1,1
16944,610,1,101.36,1,1
16945,22,52,12893.66,0,0
16946,383,5,1222.04,1,1
16947,236,6,1361.69,1,1
16948,139,10,1303.79,1,0
16949,4,12,2572.54,0,0
16950,57,13,4720.33,0,0
16951,135,6,2555.5,1,0
16952,109,7,963.44,1,1
16953,30,2,55.316,0,1
16954,1,29,8166.96,0,0
16955,185,10,1638.98,1,0
16956,18,2,617.48,0,1
16957,239,4,833.28,1,1
16958,435,1,778.49,1,1
16959,87,2,234.70000000000002,0,1
16960,39,11,2497.93,0,0
16961,116,4,1028.73,1,1
16962,410,1,251.04,1,1
16963,187,2,221.10000000000002,1,1
16964,726,2,207.85,1,1
16965,227,2,402.38,1,1
16966,8,14,4309.94,0,0
16967,189,2,638.04,1,1
16968,4,4,878.86,0,0
16969,39,6,1300.82,0,0
16970,626,1,71.4,1,1
16971,38,2,714.42,0,1
16972,383,2,749.0,1,1
16973,386,1,127.0,1,1
16974,523,2,365.5,1,1
16975,423,3,926.12,1,1
16976,267,2,503.03999999999996,1,1
16977,395,4,496.0,1,1
16978,78,4,1113.21,0,1
16979,4,15,4711.74,0,0
16980,255,5,2451.29,1,1
16982,61,2,768.12,0,1
16983,13,18,5396.4,0,0
16984,88,11,14810.05,0,0
16985,17,33,16387.28,0,0
16986,30,13,6761.95,0,0
16987,3,18,4138.2,0,0
16988,5,3,508.79,0,0
16989,7,12,2266.5,0,0
16990,219,3,523.0,1,1
16991,421,1,1041.21,1,1
16992,11,18,7090.81,0,0
16993,464,2,1950.9499999999998,1,1
16996,30,15,3580.57,0,0
16997,288,6,1404.0,1,1
16998,150,9,697.0,1,1
16999,23,4,969.64,0,0
17000,396,2,406.3,1,1
17001,1,30,10630.37,0,0
17002,86,10,4065.2799999999997,0,0
17003,402,4,828.21,1,1
17004,46,6,3636.5,0,0
17005,471,2,622.36,1,1
17006,5,12,2417.05,0,0
17007,51,13,2010.03,0,0
17008,429,1,81.36,1,1
17009,551,1,242.06,1,1
17010,18,2,390.72,0,1
17011,30,4,942.6,0,1
17012,725,1,360.61,1,1
17014,8,6,1166.8600000000001,0,0
17015,29,6,3677.2200000000003,0,0
17016,577,1,552.4,1,1
17017,3,49,21271.25,0,0
17018,41,8,3207.8,0,0
17019,11,15,4860.37,0,0
17020,542,2,935.62,1,1
17021,442,6,1182.22,1,1
17022,31,3,331.0,0,1
17023,417,3,800.18,1,1
17024,45,6,191.7,0,1
17025,61,8,1707.44,0,0
17026,185,5,330.65999999999997,1,1
17027,79,15,2188.19,0,0
17028,581,3,1593.83,1,1
17029,111,9,2853.3,1,0
17030,64,2,293.74,0,1
17031,12,8,3154.2,0,0
17032,548,8,2984.32,1,1
17033,86,7,2362.93,0,0
17034,16,8,2021.94,0,0
17035,246,6,1047.12,1,1
17036,383,1,176.9,1,1
17037,88,2,2534.64,0,1
17038,30,3,855.57,0,1
17039,604,1,1954.99,1,1
17040,138,3,912.98,1,1
17041,27,9,2726.69,0,0
17042,3,10,2073.16,0,0
17043,32,12,4328.83,0,0
17044,25,13,12910.78,0,0
17045,113,8,1167.1200000000001,1,1
17046,157,6,2548.09,1,1
17047,85,9,3390.13,0,0
17048,118,10,2997.03,1,0
17049,3,28,15597.56,0,0
17050,96,17,7834.2300000000005,1,0
17051,194,5,947.38,1,1
17052,28,2,798.18,0,1
17053,131,2,996.96,1,1
17054,28,10,2712.66,0,0
17055,446,1,232.85,1,1
17056,726,1,128.60000000000002,1,1
17057,596,1,294.74,1,1
17058,82,6,2359.78,0,0
17059,30,14,7944.96,0,0
17060,266,2,468.48,1,1
17061,74,22,10464.460000000001,0,0
17062,314,10,1423.08,1,1
17063,21,20,5099.67,0,0
17064,59,6,1710.9,0,0
17065,638,2,194.7,1,1
17066,726,1,228.34,1,1
17067,725,3,454.54,1,1
17068,12,68,13539.82,0,0
17069,28,23,8226.93,0,0
17070,114,3,741.66,1,1
17071,28,22,6222.74,0,0
17072,625,1,273.35,1,1
17073,18,8,2892.18,0,0
17074,563,1,203.05,1,1
17075,18,14,3070.75,0,0
17076,36,9,2083.83,0,0
17077,578,1,306.0,1,1
17078,36,4,756.4,0,1
17079,78,2,237.60000000000002,0,1
17080,22,9,1245.15,0,0
17081,25,8,1238.3,0,0
17082,33,8,6735.88,0,0
17083,109,12,5455.57,1,0
17084,35,5,7749.2,0,0
17085,123,33,9410.07,1,0
17086,7,12,4100.16,0,0
17087,726,1,221.53,1,1
17088,28,8,3982.02,0,0
17089,386,1,128.45,1,1
17090,4,20,5054.83,0,0
17091,3,28,11323.51,0,0
17092,50,15,7285.4400000000005,0,0
17093,593,1,235.88,1,1
17094,322,3,704.2,1,1
17095,23,10,3896.41,0,0
17096,15,15,4720.06,0,0
17097,2,17,2097.78,0,0
17098,382,3,591.0699999999999,1,1
17099,533,1,582.17,1,1
17100,18,4,1943.48,0,0
17101,10,11,4128.78,0,0
17102,262,2,55.316,1,1
17103,722,1,424.3,1,1
17104,424,1,474.03,1,1
17105,159,4,1331.56,1,1
17106,389,1,481.58,1,1
17107,33,16,26850.2,0,0
17108,664,1,174.95,1,1
17109,29,14,2173.0,0,0
17110,165,4,663.1999999999999,1,1
17111,47,3,691.19,0,1
17112,503,1,197.57,1,1
17113,574,6,2305.59,1,1
17114,6,16,1602.24,0,0
17115,8,10,3598.9900000000002,0,0
17116,648,1,389.78,1,1
17117,288,2,232.39999999999998,1,1
17118,318,2,314.04,1,1
17119,3,4,1213.82,0,0
17120,233,2,614.92,1,1
17121,403,1,314.74,1,1
17122,119,5,708.82,1,1
17123,162,4,1322.47,1,1
17124,185,2,588.48,1,1
17125,50,2,461.0,0,1
17126,152,14,3005.88,1,0
17127,429,5,1155.0300000000002,1,1
17128,335,2,314.18,1,1
17129,520,1,55.316,1,1
17131,5,10,4926.34,0,0
17132,452,2,1220.9099999999999,1,1
17133,16,19,19514.57,0,0
17134,107,5,1038.5,1,1
17135,16,17,2861.91,0,0
17136,662,1,231.68,1,1
17137,416,6,1099.81,1,1
17138,276,8,4797.77,1,0
17139,16,37,30217.53,0,0
17140,247,2,908.24,1,1
17141,418,4,727.58,1,1
17142,239,5,1854.25,1,1
17143,417,2,880.97,1,1
17144,1,4,1969.14,0,0
17145,513,4,3120.91,1,1
17146,106,16,6602.42,1,0
17147,23,13,4914.54,0,0
17148,52,2,249.76,0,1
17149,451,1,143.10000000000002,1,1
17150,377,6,1357.95,1,1
17151,726,1,231.90000000000003,1,1
17152,195,7,3706.0,1,0
17153,24,2,427.56,0,1
17154,75,2,658.68,0,1
17155,18,9,1144.16,0,0
17156,492,1,591.87,1,1
17157,8,21,5470.9,0,0
17158,32,8,3246.97,0,0
17159,22,8,3638.47,0,0
17160,31,23,13727.19,0,0
17161,444,1,856.01,1,1
17162,29,20,3430.92,0,0
17163,22,6,992.88,0,0
17164,33,14,4934.7,0,0
17165,284,7,1953.0,1,1
17166,39,4,412.68,0,1
17167,380,3,867.11,1,1
17168,499,1,400.2,1,1
17169,58,5,1992.51,0,0
17170,374,2,178.68,1,1
17171,289,3,609.5,1,1
17172,79,4,1274.33,0,1
17173,5,16,7533.2,0,0
17174,218,2,119.8,1,1
17175,44,8,2887.38,0,0
17176,202,4,1208.45,1,1
17177,505,1,119.5,1,1
17178,726,1,432.96,1,1
17179,178,9,2219.05,1,0
17180,56,15,3020.74,0,0
17181,57,5,549.77,0,1
17182,423,2,321.3,1,1
17183,8,12,6694.62,0,0
17184,569,2,198.41000000000003,1,1
17185,592,3,229.46,1,1
17186,47,4,288.0,0,1
17187,227,3,671.66,1,1
17188,11,20,7067.16,0,0
17189,106,7,1337.38,1,1
17190,59,9,2171.31,0,0
17191,28,22,6404.02,0,0
17192,536,1,75.28,1,1
17193,36,16,4009.34,0,0
17194,274,5,1075.12,1,1
17195,655,1,562.98,1,1
17196,428,1,327.75,1,1
17197,30,2,2026.02,0,1
17198,24,6,1384.44,0,0
17199,582,1,135.04000000000002,1,1
17200,387,4,356.71,1,1
17201,54,5,1432.8799999999999,0,0
17202,421,1,160.65,1,1
17203,36,16,9124.17,0,0
17204,175,13,7069.25,1,0
17205,54,4,1383.43,0,1
17206,53,2,408.48,0,1
17207,652,1,292.62,1,1
17208,396,1,111.15,1,1
17209,649,3,595.7,1,1
17210,393,1,251.72,1,1
17211,27,21,6090.57,0,0
17212,253,4,1021.26,1,1
17213,40,20,7650.63,0,0
17214,60,12,2118.2400000000002,0,0
17215,464,1,186.15,1,1
17216,554,1,63.6,1,1
17217,234,3,323.6,1,1
17218,4,28,5843.36,0,0
17219,32,3,373.36,0,1
17220,24,35,7644.86,0,0
17221,7,7,1311.1,0,0
17222,65,7,1908.16,0,0
17223,310,5,974.9300000000001,1,1
17224,501,1,100.86,1,1
17225,582,1,131.15,1,1
17226,309,4,1288.96,1,1
17227,19,18,2818.25,0,0
17228,16,21,4726.12,0,0
17229,96,4,637.52,1,1
17230,264,26,13026.9,1,0
17231,12,35,10189.52,0,0
17232,3,4,835.54,0,0
17233,35,4,751.74,0,1
17234,183,2,299.78000000000003,1,1
17235,25,10,2113.04,0,0
17236,13,18,2845.39,0,0
17237,11,6,1308.82,0,0
17238,3,49,11050.77,0,0
17239,313,5,1571.95,1,1
17240,596,1,130.6,1,1
17241,385,12,2736.64,1,0
17242,108,7,4024.32,1,0
17243,1,72,28743.63,0,0
17244,53,6,2780.94,0,0
17245,205,3,543.0799999999999,1,1
17246,547,2,55.316,1,1
17247,15,2,560.1800000000001,0,1
17248,120,3,819.19,1,1
17249,429,1,68.03,1,1
17250,4,4,763.94,0,0
17251,363,4,1068.81,1,1
17252,117,4,697.82,1,1
17253,18,2,356.52,0,1
17254,5,5,740.67,0,0
17255,41,6,1073.18,0,0
17256,107,7,738.93,1,1
17257,436,2,189.78,1,1
17258,397,2,417.3,1,1
17259,148,8,2033.62,1,0
17260,411,1,120.95,1,1
17261,510,1,221.59,1,1
17262,52,16,3742.12,0,0
17263,208,2,126.88000000000001,1,1
17264,424,1,268.28,1,1
17265,139,4,1100.02,1,1
17266,2,8,798.3,0,0
17267,127,4,634.4,1,1
17268,108,15,2497.5299999999997,1,0
17269,386,1,491.81,1,1
17270,469,2,601.4499999999999,1,1
17271,726,1,204.3,1,1
17272,42,8,4297.26,0,0
17273,424,1,141.12,1,1
17274,35,3,681.04,0,1
17275,383,1,114.1,1,1
17276,402,1,502.49,1,1
17277,228,4,2130.7000000000003,1,1
17278,241,3,517.28,1,1
17279,58,2,375.65999999999997,0,1
17280,438,1,118.85999999999999,1,1
17281,374,6,797.8499999999999,1,1
17282,130,8,3994.0,1,0
17283,379,1,188.46,1,1
17284,60,14,4435.54,0,0
17285,628,2,407.94,1,1
17286,22,4,540.55,0,1
17287,26,28,4875.92,0,0
17288,9,18,3886.06,0,0
17289,32,12,2972.82,0,0
17290,4,10,2000.97,0,0
17291,308,2,1101.6000000000001,1,1
17292,472,2,271.75,1,1
17293,8,26,5604.69,0,0
17294,669,2,467.78999999999996,1,1
17295,29,6,1094.0,0,0
17296,726,1,338.13,1,1
17297,17,2,256.36,0,1
17298,101,7,1452.68,1,1
17299,12,10,1649.84,0,0
17300,391,2,393.64,1,1
17301,21,3,457.63,0,1
17302,15,10,2271.26,0,0
17303,361,2,500.08,1,1
17304,534,1,111.5,1,1
17305,649,1,2135.46,1,1
17306,11,40,18413.66,0,0
17307,395,11,3999.8900000000003,1,0
17308,393,2,4511.76,1,1
17309,95,4,403.14,1,1
17310,387,2,1025.1,1,1
17311,78,8,4951.41,0,0
17312,139,6,1288.6,1,1
17313,31,2,4657.68,0,0
17314,25,25,7432.35,0,0
17315,2,72,15880.81,0,0
17316,420,1,124.45,1,1
17317,46,6,5200.68,0,0
17318,725,1,157.32999999999998,1,1
17319,669,1,55.316,1,1
17320,100,9,3645.4700000000003,1,0
17321,8,8,2322.37,0,0
17322,376,5,922.59,1,1
17323,15,19,2457.56,0,0
17324,18,16,3157.55,0,0
17325,280,4,706.37,1,1
17326,408,2,312.35,1,1
17327,410,2,152.35,1,1
17328,673,1,104.7,1,1
17329,14,7,1521.64,0,0
17330,23,6,787.7,0,0
17331,124,2,350.4,1,1
17332,528,5,838.27,1,1
17333,86,2,988.5,0,1
17334,302,5,942.1700000000001,1,1
17335,384,2,497.04,1,1
17336,472,1,81.12,1,1
17337,151,8,3962.12,1,0
17338,17,25,18382.87,0,0
17339,94,5,545.72,1,1
17340,30,29,31971.24,0,0
17341,157,8,1954.5,1,0
17342,380,4,1227.54,1,1
17343,355,7,1453.58,1,1
17344,46,3,614.98,0,1
17345,15,14,2106.32,0,0
17346,4,41,7621.49,0,0
17347,86,2,457.92,0,1
17348,15,14,3598.89,0,0
17349,179,6,870.66,1,1
17350,8,11,3175.021,0,0
17351,36,15,2575.38,0,0
17352,696,1,55.316,1,1
17353,129,6,4982.0,1,0
17354,51,5,4527.0199999999995,0,0
17355,386,1,273.31,1,1
17356,312,6,1124.69,1,1
17357,24,4,768.78,0,1
17358,303,7,1221.82,1,1
17359,11,3,412.32,0,1
17360,17,9,1768.75,0,0
17361,49,8,1359.99,0,0
17362,239,9,1336.27,1,1
17363,395,3,920.46,1,1
17364,1,39,16435.6,0,0
17365,13,23,12951.85,0,0
17366,432,2,1077.24,1,1
17367,238,2,335.1,1,1
17368,23,22,4637.16,0,0
17369,456,1,979.1999999999999,1,1
17370,73,8,892.36,0,1
17371,17,9,1073.77,0,0
17372,41,36,5684.49,0,0
17373,40,11,1814.42,0,0
17374,219,5,1222.88,1,1
17375,199,7,1060.65,1,1
17376,71,6,656.84,0,1
17377,24,72,21702.59,0,0
17378,374,1,55.316,1,1
17379,11,2,779.4399999999999,0,1
17380,434,3,645.0,1,1
17381,9,67,43467.106499999914,0,0
17382,65,9,967.6800000000001,0,0
17383,4,3,497.48,0,0
17384,19,5,843.95,0,0
17385,15,2,512.22,0,1
17386,8,13,5499.1900000000005,0,0
17387,20,4,1493.62,0,0
17388,78,15,3934.9300000000003,0,0
17389,1,72,43467.106499999914,0,0
17390,421,1,149.3,1,1
17391,164,4,1017.6,1,1
17392,307,5,1003.19,1,1
17393,411,2,381.15,1,1
17394,219,2,407.73999999999995,1,1
17395,508,1,97.5,1,1
17396,39,22,15740.4,0,0
17397,22,5,1879.69,0,0
17398,115,6,1306.76,1,1
17400,126,13,6721.12,1,0
17401,541,1,114.85,1,1
17402,5,36,7269.41,0,0
17403,36,3,646.79,0,1
17404,4,38,43467.106499999914,0,0
17405,1,6,2062.82,0,0
17406,333,16,6371.37,1,0
17407,412,1,552.9,1,1
17408,163,4,348.74,1,1
17409,185,12,8565.36,1,0
17410,16,10,2429.44,0,0
17411,12,8,2204.32,0,0
17412,3,23,5478.28,0,0
17413,405,2,560.14,1,1
17414,44,8,3027.52,0,0
17415,80,2,1015.68,0,1
17416,30,29,24191.87,0,0
17417,549,1,164.18,1,1
17418,42,5,1133.52,0,1
17419,11,30,10352.82,0,0
17420,50,9,1552.41,0,0
17421,386,3,1059.41,1,1
17422,16,17,5574.13,0,0
17423,46,5,1817.3600000000001,0,0
17425,19,4,1518.34,0,0
17426,8,19,13115.03,0,0
17427,72,2,201.6,0,1
17428,1,72,43467.106499999914,0,0
17429,128,8,1882.38,1,0
17430,33,6,888.33,0,0
17431,313,2,806.6,1,1
17432,18,11,2094.75,0,0
17433,88,3,873.12,0,1
17434,2,14,4747.64,0,0
17435,411,1,331.35,1,1
17436,2,7,750.36,0,0
17437,530,1,369.68,1,1
17438,254,6,1811.22,1,1
17439,656,1,325.74,1,1
17440,157,7,510.0,1,1
17441,726,1,293.35,1,1
17442,37,21,6868.86,0,0
17443,220,2,1068.48,1,1
17444,148,6,5880.08,1,0
17446,177,4,241.8,1,1
17447,40,4,1083.06,0,1
17448,497,46,14523.67,1,0
17449,2,20,7387.36,0,0
17450,8,72,43467.106499999914,0,0
17451,1,14,3442.8,0,0
17453,18,4,973.4399999999999,0,0
17454,192,14,2065.47,1,0
17455,204,2,263.4,1,1
17456,365,3,1225.42,1,1
17457,127,19,7722.51,1,0
17458,15,3,846.08,0,1
17459,43,4,1314.6,0,1
17460,94,22,2780.4,1,0
17461,23,6,1471.64,0,0
17462,60,4,1351.38,0,1
17463,16,12,4411.12,0,0
17464,158,4,1197.1,1,1
17465,426,7,2542.79,1,1
17466,10,4,1526.56,0,0
17467,395,1,102.6,1,1
17468,10,5,331.8,0,1
17469,16,22,6922.22,0,0
17470,45,16,3751.54,0,0
17471,475,1,321.65000000000003,1,1
17472,191,7,1619.89,1,1
17473,409,2,607.0,1,1
17474,600,1,1047.0,1,1
17475,79,2,388.74,0,1
17476,396,2,489.86,1,1
17477,613,2,1144.3,1,1
17478,408,2,1272.8,1,1
17479,633,1,389.26000000000005,1,1
17480,78,3,1394.05,0,1
17481,4,8,2511.18,0,0
17482,487,2,775.64,1,1
17483,65,7,1005.7700000000001,0,1
17484,576,2,209.57,1,1
17486,261,2,793.74,1,1
17487,726,1,160.55,1,1
17488,641,1,336.5,1,1
17489,59,4,753.28,0,1
17490,1,16,4842.82,0,0
17491,1,27,9212.54,0,0
17492,248,4,1496.99,1,1
17493,385,1,100.91000000000001,1,1
17494,502,1,55.316,1,1
17495,8,5,1304.28,0,0
17496,359,5,1683.94,1,1
17497,390,2,287.25,1,1
17498,76,2,544.44,0,1
17499,290,3,1964.27,1,1
17500,17,6,2276.0,0,0
17501,221,4,577.2,1,1
17502,9,8,1378.2,0,0
17503,3,4,1117.92,0,0
17504,206,27,12487.2,1,0
17505,162,7,3581.32,1,0
17506,76,2,604.4,0,1
17507,262,4,1211.16,1,1
17508,281,9,4966.54,1,0
17509,58,16,12167.28,0,0
17510,25,3,823.04,0,1
17511,3,72,43467.106499999914,0,0
17512,29,28,8392.81,0,0
17513,72,4,1672.0,0,1
17514,128,3,730.65,1,1
17515,31,13,2241.53,0,0
17516,15,11,1712.38,0,0
17517,309,2,307.88,1,1
17518,426,2,329.42,1,1
17519,17,21,6618.1900000000005,0,0
17520,54,2,1093.62,0,1
17521,30,8,2001.27,0,0
17522,2,10,2141.42,0,0
17523,11,8,1305.48,0,0
17524,361,4,684.14,1,1
17525,360,4,1584.6000000000001,1,1
17526,5,16,5135.14,0,0
17527,54,8,1878.74,0,0
17528,1,16,7257.0,0,0
17529,610,2,1240.25,1,1
17530,1,22,5158.81,0,0
17531,190,4,1563.52,1,1
17532,386,1,65.34,1,1
17533,435,1,55.316,1,1
17534,54,6,1892.19,0,0
17535,280,2,328.8,1,1
17536,177,4,441.33,1,1
17537,30,4,1775.34,0,0
17538,26,2,196.84,0,1
17539,618,4,1176.84,1,1
17540,25,8,2169.5,0,0
17541,510,1,119.86,1,1
17542,270,4,511.6,1,1
17543,550,1,120.05,1,1
17544,390,3,944.82,1,1
17545,43,9,2052.18,0,0
17547,376,2,727.85,1,1
17548,234,5,834.56,1,1
17549,24,4,297.72,0,1
17550,197,12,2773.8,1,0
17551,359,2,580.68,1,1
17552,60,16,3717.18,0,0
17553,130,5,5245.2,1,0
17554,1,10,3904.9,0,0
17555,20,7,1526.05,0,0
17556,206,3,458.57000000000005,1,1
17557,14,7,1116.92,0,0
17558,393,1,259.17,1,1
17559,513,1,167.62,1,1
17560,95,12,2750.75,1,0
17561,19,5,868.14,0,0
17562,14,14,2244.76,0,0
17563,578,2,392.38,1,1
17564,24,6,908.02,0,0
17565,587,1,131.83,1,1
17566,8,4,1739.54,0,0
17567,7,17,9169.56,0,0
17568,633,1,374.45,1,1
17569,332,2,688.28,1,1
17570,382,1,100.0,1,1
17571,50,9,3056.58,0,0
17572,71,14,878.96,0,0
17573,29,6,761.2,0,0
17574,243,2,371.3,1,1
17575,667,1,171.7,1,1
17576,8,60,12276.78,0,0
17577,645,2,348.75,1,1
17578,218,8,1190.79,1,1
17579,5,7,1202.18,0,0
17580,253,8,756.74,1,1
17581,1,68,28976.41,0,0
17582,236,6,1622.22,1,1
17583,560,1,135.95,1,1
17584,7,8,6551.72,0,0
17585,109,11,3181.39,1,0
17586,619,1,167.4,1,1
17587,628,1,176.71,1,1
17588,100,10,4179.75,1,0
17589,60,22,16242.11,0,0
17590,2,6,2936.04,0,0
17591,73,15,4542.99,0,0
17592,726,1,148.3,1,1
17593,4,16,12016.18,0,0
17594,85,6,3491.06,0,0
17595,12,4,773.38,0,0
17596,23,20,7298.15,0,0
17597,214,6,5528.46,1,0
17598,381,1,409.98,1,1
17599,478,1,55.316,1,1
17600,18,2,323.34000000000003,0,1
17601,239,3,529.09,1,1
17602,2,20,12408.85,0,0
17603,78,5,2183.1,0,0
17604,217,8,1251.74,1,1
17605,590,1,160.75,1,1
17606,726,1,87.30000000000001,1,1
17607,376,1,333.81,1,1
17608,33,6,680.05,0,1
17609,41,16,2993.68,0,0
17610,540,5,1511.94,1,1
17611,7,43,12298.65,0,0
17612,53,24,7443.31,0,0
17613,23,28,9089.1,0,0
17614,57,2,772.64,0,1
17615,130,9,1051.4,1,1
17616,174,7,1305.6,1,1
17617,559,1,385.19,1,1
17618,6,14,4931.92,0,0
17619,312,2,428.74,1,1
17620,60,2,162.88,0,1
17621,21,9,4555.0199999999995,0,0
17622,598,2,1130.21,1,1
17623,33,8,2892.82,0,0
17624,15,6,2412.11,0,0
17625,18,12,7999.3,0,0
17626,603,1,254.0,1,1
17627,479,1,296.36,1,1
17628,81,2,151.5,0,1
17629,6,18,4269.64,0,0
17630,170,4,1007.1999999999999,1,1
17631,2,10,1526.82,0,0
17633,31,11,3382.23,0,0
17634,36,18,4717.18,0,0
17635,424,3,1265.58,1,1
17636,19,2,571.12,0,1
17637,31,4,1094.1200000000001,0,1
17638,647,2,842.4,1,1
17639,276,7,723.67,1,1
17640,87,7,3790.6,0,0
17642,120,7,2536.7799999999997,1,0
17643,373,3,541.25,1,1
17644,1,31,8924.24,0,0
17646,219,15,4907.18,1,0
17647,65,4,464.71999999999997,0,1
17648,61,9,4013.87,0,0
17649,138,4,2447.38,1,1
17650,21,2,332.16,0,1
17651,12,26,9648.52,0,0
17652,25,24,9735.44,0,0
17653,37,8,2415.12,0,0
17654,277,2,235.1,1,1
17655,11,16,5615.32,0,0
17656,73,10,3349.38,0,0
17657,430,1,126.0,1,1
17658,26,4,1190.84,0,0
17659,17,26,6586.45,0,0
17660,141,3,520.97,1,1
17662,662,2,412.92,1,1
17663,26,24,6978.74,0,0
17664,19,6,1770.8700000000001,0,0
17665,493,1,563.1,1,1
17666,4,7,2775.96,0,0
17667,66,14,6006.21,0,0
17668,1,4,695.5,0,0
17669,43,17,9549.07,0,0
17670,228,2,411.4,1,1
17671,16,9,3581.87,0,0
17672,50,9,8956.8,0,0
17673,2,19,5768.85,0,0
17674,74,4,1102.08,0,1
17675,1,72,43467.106499999914,0,0
17676,4,16,3819.82,0,0
17677,2,72,43467.106499999914,0,0
17678,264,3,897.87,1,1
17679,53,9,5569.72,0,0
17680,24,4,681.85,0,1
17681,597,5,731.2,1,1
17682,10,17,6539.61,0,0
17683,386,3,819.01,1,1
17684,44,2,478.82,0,1
17685,17,19,8610.78,0,0
17686,7,16,14036.27,0,0
17687,421,1,432.68,1,1
17688,394,1,304.2,1,1
17689,388,2,317.08,1,1
17690,30,35,11690.6,0,0
17691,358,6,927.95,1,1
17692,127,16,3716.74,1,0
17693,137,2,400.94,1,1
17694,142,4,1979.09,1,1
17695,132,7,2511.38,1,0
17696,38,35,9965.3,0,0
17697,236,2,677.9,1,1
17698,261,2,309.9,1,1
17699,477,2,442.0,1,1
17700,17,18,9214.61,0,0
17701,253,2,835.9,1,1
17702,30,10,4968.41,0,0
17703,35,7,1893.58,0,0
17704,169,4,1770.38,1,1
17705,3,20,3907.42,0,0
17706,4,48,30776.64,0,0
17707,185,10,761.7,1,1
17708,188,6,1147.51,1,1
17709,170,6,808.46,1,1
17710,424,1,293.5,1,1
17711,11,4,770.2,0,0
17712,45,2,1045.82,0,1
17713,382,4,1198.09,1,1
17714,321,6,1563.18,1,1
17715,201,3,816.0,1,1
17716,23,35,21612.96,0,0
17717,421,1,376.92,1,1
17718,232,3,578.53,1,1
17719,38,30,10792.08,0,0
17720,26,14,3862.85,0,0
17721,659,1,307.21000000000004,1,1
17722,96,9,5944.26,1,0
17723,127,13,6654.800000000001,1,0
17724,71,6,2066.0,0,0
17725,16,22,6878.16,0,0
17726,395,7,1092.06,1,1
17727,15,2,2120.5,0,0
17728,4,8,7114.77,0,0
17729,596,1,438.65000000000003,1,1
17730,3,33,13072.28,0,0
17731,79,10,2949.1,0,0
17732,373,9,2470.39,1,1
17733,39,4,1384.38,0,1
17734,54,9,2142.95,0,0
17735,2,45,29900.350000000002,0,0
17736,9,6,754.88,0,0
17737,9,4,336.48,0,1
17738,19,17,6062.61,0,0
17739,12,25,10521.94,0,0
17740,389,6,426.9,1,1
17741,407,2,101.1,1,1
17742,113,13,2453.59,1,0
17743,448,1,229.2,1,1
17744,4,13,4971.54,0,0
17745,478,2,600.34,1,1
17746,240,5,1014.4300000000001,1,1
17747,113,2,142.8,1,1
17748,527,1,358.15,1,1
17749,178,5,1700.7,1,1
17750,5,18,3420.9,0,0
17751,421,1,157.85999999999999,1,1
17752,359,2,161.28,1,1
17753,464,4,382.06,1,1
17754,1,18,6115.87,0,0
17756,376,3,728.75,1,1
17757,1,72,14667.44,0,0
17758,19,20,8372.23,0,0
17759,17,8,2081.84,0,0
17760,22,8,1033.98,0,0
17761,33,2,1425.56,0,1
17762,456,1,129.75,1,1
17763,263,5,101.15,1,1
17764,51,7,2286.12,0,0
17765,159,7,891.63,1,1
17766,381,2,299.61,1,1
17767,15,3,684.25,0,1
17768,8,10,5374.63,0,0
17769,13,27,11010.81,0,0
17770,199,10,2286.54,1,0
17771,57,6,633.22,0,1
17772,11,5,534.2,0,0
17773,514,2,575.37,1,1
17774,97,13,4487.56,1,0
17775,255,2,112.8,1,1
17776,387,2,330.56,1,1
17777,25,6,1295.12,0,0
17778,662,1,197.70000000000002,1,1
17779,21,6,1300.64,0,0
17780,667,3,346.56,1,1
17781,159,4,376.04,1,1
17782,383,2,679.02,1,1
17783,72,5,660.4300000000001,0,1
17784,550,1,112.86,1,1
17785,53,4,535.32,0,1
17786,85,4,533.7,0,1
17787,153,8,3635.08,1,0
17788,74,4,2235.8,0,1
17789,281,3,623.0500000000001,1,1
17790,27,34,4743.71,0,0
17791,30,2,212.2,0,1
17792,467,2,368.35,1,1
17793,25,2,600.68,0,1
17794,687,2,147.3,1,1
17795,180,4,685.66,1,1
17796,40,11,1926.39,0,0
17797,22,11,2752.3,0,0
17798,582,1,178.07,1,1
17799,22,30,9286.1,0,0
17800,37,18,2374.42,0,0
17801,451,3,770.03,1,1
17802,82,13,6231.26,0,0
17803,392,1,184.66,1,1
17804,376,3,383.78000000000003,1,1
17805,74,3,1439.3400000000001,0,1
17806,11,2,1092.08,0,1
17807,395,3,437.87,1,1
17808,549,4,262.64,1,1
17809,16,32,15497.800000000001,0,0
17810,669,2,373.16,1,1
17811,4,72,17281.62,0,0
17812,13,11,1611.8,0,0
17813,14,10,3396.14,0,0
17814,375,2,1609.37,1,1
17815,393,1,591.96,1,1
17816,37,10,132.67,0,1
17817,4,9,1175.83,0,0
17818,726,1,124.78,1,1
17819,72,19,9725.92,0,0
17820,374,1,180.60999999999999,1,1
17821,406,1,334.62,1,1
17822,420,5,2162.93,1,1
17823,421,2,449.25,1,1
17824,51,2,596.8,0,1
17825,599,4,701.96,1,1
17826,374,1,133.34,1,1
17827,5,11,4363.5,0,0
17828,23,8,3640.18,0,0
17829,299,6,5645.9800000000005,1,0
17830,2,6,797.4,0,0
17831,33,2,70.80000000000001,0,1
17832,50,2,310.74,0,1
17833,723,1,338.46000000000004,1,1
17834,415,2,689.6700000000001,1,1
17835,3,6,684.48,0,0
17836,47,2,220.42000000000002,0,1
17837,42,16,3082.46,0,0
17838,27,18,8325.44,0,0
17839,42,2,636.3,0,1
17840,444,1,175.9,1,1
17841,2,72,43467.106499999914,0,0
17842,602,1,430.69,1,1
17843,303,3,525.88,1,1
17844,107,2,103.11999999999999,1,1
17845,555,4,596.09,1,1
17846,85,2,4066.2,0,1
17847,516,2,129.69,1,1
17848,81,39,4460.3099999999995,0,0
17849,218,12,1669.5600000000002,1,0
17850,372,72,43467.106499999914,1,0
17851,422,6,1552.35,1,1
17852,12,7,772.15,0,0
17853,407,3,1596.29,1,1
17854,185,8,1379.76,1,1
17855,373,2,417.94,1,1
17856,2,8,2836.06,0,0
17857,4,47,43467.106499999914,0,0
17858,6,42,17659.31,0,0
17859,305,2,283.84000000000003,1,1
17860,369,5,943.84,1,1
17861,3,26,7186.17,0,0
17862,324,5,1585.79,1,1
17863,59,18,8520.48,0,0
17864,13,8,1431.42,0,0
17865,31,66,36838.51,0,0
17866,143,4,1464.6,1,1
17867,30,21,2739.92,0,0
17868,386,1,227.15,1,1
17869,107,12,1241.82,1,0
17870,2,25,4619.18,0,0
17871,205,6,1224.85,1,1
17872,382,1,235.87,1,1
17873,80,23,8114.29,0,0
17874,185,12,1366.92,1,0
17875,688,1,167.1,1,1
17876,400,3,3424.02,1,1
17877,170,2,475.22,1,1
17878,44,4,1758.38,0,0
17879,174,2,357.03999999999996,1,1
17880,365,4,1283.8400000000001,1,1
17881,304,2,266.70000000000005,1,1
17882,379,2,291.56,1,1
17883,3,11,1652.76,0,0
17884,4,24,3393.54,0,0
17885,12,2,312.68,0,1
17886,32,9,2441.83,0,0
17887,129,2,222.7,1,1
17888,21,33,2523.44,0,0
17889,212,9,947.79,1,1
17890,323,4,1173.78,1,1
17891,162,2,407.71999999999997,1,1
17892,56,6,488.2,0,1
17893,225,2,214.42,1,1
17894,72,26,3423.54,0,0
17895,44,2,190.9,0,1
17896,23,2,512.6400000000001,0,1
17897,173,12,2641.7,1,0
17898,85,6,451.24,0,1
17899,159,2,309.1,1,1
17900,190,4,224.39999999999998,1,1
17901,29,4,370.46,0,1
17902,547,1,216.39999999999998,1,1
17903,394,1,381.09000000000003,1,1
17904,21,2,362.14,0,1
17905,71,17,2977.86,0,0
17906,247,2,145.8,1,1
17907,641,1,291.76,1,1
17908,374,6,1374.5,1,1
17909,726,1,110.05,1,1
17910,726,1,261.7,1,1
17911,9,2,732.46,0,1
17912,310,11,684.61,1,1
17913,59,16,3837.94,0,0
17914,4,2,658.72,0,0
17915,551,1,225.78,1,1
17916,629,2,55.316,1,1
17917,45,6,670.06,0,1
17918,501,3,396.39,1,1
17919,88,3,3144.36,0,1
17920,4,71,27701.28,0,0
17921,64,14,3214.59,0,0
17922,543,1,170.4,1,1
17923,282,4,704.5,1,1
17924,12,15,6220.200000000001,0,0
17925,373,2,488.16,1,1
17926,133,7,1432.78,1,1
17927,722,1,294.0,1,1
17928,45,5,553.78,0,1
17929,11,16,3925.1,0,0
17930,36,18,6015.7,0,0
17931,134,16,3810.6,1,0
17932,29,6,2663.14,0,0
17933,632,1,114.69,1,1
17934,52,5,1753.4,0,0
17935,138,9,831.93,1,1
17936,5,2,760.26,0,0
17937,9,14,8602.44,0,0
17938,420,1,144.29,1,1
17939,160,2,198.28,1,1
17940,49,26,34326.83,0,0
17941,131,5,1737.84,1,1
17942,8,2,155.00000000000003,0,1
17944,423,1,74.99,1,1
17945,697,3,360.35,1,1
17946,233,4,299.15999999999997,1,1
17947,37,2,353.36,0,1
17948,147,2,717.1200000000001,1,1
17949,1,72,43467.106499999914,0,0
17950,72,10,1648.49,0,0
17951,40,7,2349.1200000000003,0,0
17952,378,4,788.46,1,1
17953,540,1,159.17000000000002,1,1
17954,5,31,6118.51,0,0
17955,199,10,1507.2,1,1
17956,249,2,55.316,1,1
17957,66,2,223.36,0,1
17958,117,3,1482.34,1,1
17959,592,1,140.75,1,1
17960,171,4,208.86,1,1
17961,21,72,4163.18,0,0
17962,142,5,769.37,1,1
17963,471,4,643.16,1,1
17964,32,4,926.42,0,1
17965,38,43,9605.84,0,0
17966,38,15,3062.35,0,0
17967,372,3,335.69,1,1
17968,374,5,855.54,1,1
17969,166,22,2582.4900000000002,1,0
17970,211,2,1125.58,1,1
17971,548,1,161.94,1,1
17972,242,2,270.38,1,1
17973,52,2,674.08,0,1
17974,25,9,2443.08,0,0
17975,15,37,11179.59,0,0
17976,372,2,643.58,1,1
17977,29,3,1799.59,0,0
17978,365,5,1460.9099999999999,1,1
17979,36,8,1464.82,0,0
17980,166,7,1824.17,1,1
17981,411,1,239.12,1,1
17982,681,1,138.18,1,1
17983,395,1,171.71,1,1
17984,145,6,1304.87,1,1
17985,22,2,1262.7,0,1
17986,56,2,55.316,0,1
17987,185,6,1164.01,1,1
17988,12,21,690.66,0,0
17989,379,1,207.32999999999998,1,1
17990,237,9,2158.4500000000003,1,0
17991,225,5,393.65,1,1
17992,389,1,252.88,1,1
17993,617,1,225.99,1,1
17994,122,15,2944.92,1,0
17995,282,4,571.58,1,1
17996,380,3,482.33,1,1
17997,74,16,3924.92,0,0
17998,380,3,639.24,1,1
17999,37,5,908.85,0,1
18000,564,1,124.25,1,1
18001,12,8,1339.27,0,0
18002,376,4,244.37,1,1
18003,376,1,353.51,1,1
18004,362,2,315.84,1,1
18005,4,4,452.94,0,0
18006,23,5,1414.19,0,0
18007,393,1,215.22,1,1
18008,70,32,21875.27,0,0
18009,235,9,2391.62,1,0
18010,257,2,349.6,1,1
18011,373,3,513.58,1,1
18012,723,1,115.3,1,1
18013,155,4,374.58,1,1
18014,28,2,324.44,0,1
18015,4,2,240.06,0,1
18016,32,12,3432.22,0,0
18017,81,7,1211.0,0,1
18018,108,6,420.13,1,1
18019,52,2,76.9,0,1
18020,544,1,190.48000000000002,1,1
18021,510,2,216.41,1,1
18022,36,6,2119.97,0,0
18024,153,4,779.56,1,1
18025,380,6,1177.72,1,1
18026,501,2,2074.07,1,1
18027,99,2,230.62,1,1
18028,583,1,192.05,1,1
18029,642,1,433.77,1,1
18030,4,4,461.29999999999995,0,0
18031,379,1,451.3,1,1
18032,334,2,147.0,1,1
18033,65,2,187.64000000000001,0,1
18034,22,5,1172.8799999999999,0,0
18035,36,8,1974.12,0,0
18036,32,14,1948.61,0,0
18037,154,21,237.44,1,1
18038,556,1,141.48,1,1
18039,374,4,548.22,1,1
18040,19,4,714.4000000000001,0,1
18041,12,59,12116.14,0,0
18042,54,3,446.19999999999993,0,1
18043,25,6,1058.58,0,0
18044,4,28,5594.21,0,0
18045,45,2,356.68,0,1
18046,650,1,189.63,1,1
18047,381,2,326.09,1,1
18048,203,5,567.22,1,1
18049,437,2,500.92,1,1
18050,359,3,486.46000000000004,1,1
18051,634,7,2282.28,1,1
18052,565,1,10877.18,1,1
18053,71,4,871.09,0,1
18054,393,1,176.5,1,1
18055,7,24,16903.98,0,0
18056,288,3,918.25,1,1
18057,393,3,1188.46,1,1
18058,10,4,944.2199999999999,0,0
18059,23,6,612.92,0,0
18060,408,2,1185.46,1,1
18061,22,38,8203.22,0,0
18062,173,9,2353.19,1,0
18063,391,2,186.60000000000002,1,1
18064,133,13,5295.83,1,0
18065,6,43,8259.460000000001,0,0
18066,75,4,1758.4,0,1
18067,40,2,792.66,0,1
18068,289,2,203.39999999999998,1,1
18069,26,16,6474.16,0,0
18070,669,1,314.1,1,1
18071,258,8,1622.68,1,1
18072,186,2,494.88,1,1
18073,114,24,7719.64,1,0
18074,374,3,1509.04,1,1
18075,23,30,8395.04,0,0
18076,380,1,151.49,1,1
18077,8,29,6663.2,0,0
18078,217,6,1061.66,1,1
18079,45,9,7817.08,0,0
18080,19,4,2463.0,0,0
18081,36,6,686.9,0,1
18082,26,2,1361.68,0,1
18083,398,1,463.53,1,1
18084,16,4,885.7099999999999,0,0
18085,330,6,2031.8000000000002,1,1
18086,274,2,202.68,1,1
18087,98,19,18817.239999999998,1,0
18088,61,2,332.06,0,1
18089,447,1,428.45,1,1
18090,422,1,321.9,1,1
18091,593,1,360.85,1,1
18092,2,29,23761.98,0,0
18093,93,12,6559.2300000000005,1,0
18094,82,20,9408.82,0,0
18095,313,7,2883.14,1,1
18096,12,9,2506.93,0,0
18097,8,17,7290.32,0,0
18098,396,1,527.94,1,1
18099,127,2,336.62,1,1
18100,550,1,451.56,1,1
18101,11,7,844.41,0,0
18102,1,72,43467.106499999914,0,0
18103,549,1,105.8,1,1
18104,37,2,1509.28,0,1
18105,38,2,226.96000000000004,0,1
18106,330,7,1862.96,1,1
18107,442,1,165.88,1,1
18108,254,4,1119.81,1,1
18109,2,64,17560.63,0,0
18110,20,3,591.08,0,1
18111,589,1,405.85,1,1
18112,12,6,1126.05,0,0
18113,369,2,152.64000000000001,1,1
18114,290,2,440.2,1,1
18115,698,1,55.316,1,1
18116,68,21,3537.6,0,0
18117,26,2,631.3,0,1
18118,11,55,11846.1,0,0
18119,368,2,361.4,1,1
18120,214,2,222.3,1,1
18121,149,4,1306.6,1,1
18122,8,12,3586.12,0,0
18123,24,5,1241.08,0,0
18124,472,1,102.65,1,1
18125,30,8,2263.5,0,0
18126,61,2,401.84000000000003,0,1
18127,19,7,903.21,0,0
18128,537,1,399.29,1,1
18129,243,2,225.10000000000002,1,1
18130,15,6,2118.78,0,0
18131,632,1,222.95999999999998,1,1
18132,504,1,220.13,1,1
18133,212,2,1862.9999999999998,1,1
18134,598,2,445.0,1,1
18135,29,15,1931.53,0,0
18136,63,8,2415.69,0,0
18137,551,2,145.99,1,1
18138,295,2,305.3,1,1
18139,18,12,16876.68,0,0
18140,474,1,536.41,1,1
18141,402,2,882.47,1,1
18142,157,4,2039.04,1,1
18143,117,4,2000.32,1,1
18144,8,31,7781.7,0,0
18145,13,15,8471.29,0,0
18146,141,4,320.70000000000005,1,1
18147,46,4,358.67999999999995,0,1
18148,647,1,112.85000000000001,1,1
18149,51,10,2166.04,0,0
18150,32,6,1133.16,0,0
18151,135,8,2532.79,1,0
18152,646,1,426.69,1,1
18153,659,1,246.22,1,1
18154,3,7,1331.79,0,0
18155,75,6,743.24,0,1
18156,13,4,1351.28,0,0
18157,571,1,213.9,1,1
18158,9,4,906.8,0,0
18159,301,2,1060.3,1,1
18160,57,5,1641.94,0,0
18161,15,11,3421.79,0,0
18162,726,1,371.51,1,1
18163,584,1,728.84,1,1
18164,37,2,799.3000000000001,0,1
18165,177,2,604.9200000000001,1,1
18166,624,1,175.5,1,1
18167,23,6,2769.7200000000003,0,0
18168,176,22,4595.54,1,0
18169,61,2,405.3,0,1
18170,33,12,3858.31,0,0
18171,59,14,3668.62,0,0
18172,15,72,25028.92,0,0
18173,87,9,4803.2,0,0
18174,7,3,266.5,0,1
18175,676,1,176.1,1,1
18176,358,2,952.7,1,1
18177,31,15,3557.19,0,0
18178,129,15,7694.55,1,0
18179,9,14,4340.72,0,0
18180,5,12,3687.5,0,0
18181,24,6,1555.19,0,0
18182,463,1,291.13,1,1
18183,227,4,1264.14,1,1
18184,15,2,99.6,0,1
18185,249,2,608.5,1,1
18186,723,1,329.58,1,1
18187,632,1,724.89,1,1
18188,15,9,5281.63,0,0
18189,78,5,2493.9700000000003,0,0
18190,192,7,1030.0800000000002,1,1
18191,262,3,737.1999999999999,1,1
18192,72,2,1915.94,0,1
18193,165,4,1451.1100000000001,1,1
18194,82,7,5135.88,0,0
18195,387,1,101.16,1,1
18196,95,6,2143.82,1,0
18197,576,1,230.1,1,1
18198,4,34,10851.12,0,0
18199,684,1,344.75,1,1
18200,106,2,300.7,1,1
18201,723,1,447.53000000000003,1,1
18202,200,6,2793.98,1,1
18203,157,5,652.94,1,1
18204,71,6,3950.7,0,0
18205,36,4,1034.72,0,1
18206,553,1,314.65999999999997,1,1
18207,499,1,544.47,1,1
18208,566,1,360.08,1,1
18209,29,2,278.20000000000005,0,1
18210,2,13,5390.21,0,0
18211,26,10,1200.14,0,0
18212,326,3,730.44,1,1
18213,237,2,464.96000000000004,1,1
18214,531,4,1780.34,1,1
18215,89,6,2531.83,0,0
18216,31,2,963.5,0,1
18217,29,6,1566.79,0,0
18218,211,6,1763.76,1,1
18219,3,27,5422.47,0,0
18220,227,7,2227.04,1,1
18221,22,11,2466.55,0,0
18222,93,2,886.0,1,1
18223,5,40,20485.39,0,0
18224,264,2,317.90000000000003,1,1
18225,3,38,18519.76,0,0
18226,44,37,17106.93,0,0
18227,218,3,482.5,1,1
18228,57,4,1559.8,0,1
18229,12,48,17427.41,0,0
18230,9,16,7101.26,0,0
18231,192,33,8925.94,1,0
18232,82,8,1185.94,0,0
18233,326,2,880.0,1,1
18234,552,1,179.6,1,1
18235,72,6,3592.96,0,0
18236,30,18,2677.59,0,0
18237,3,10,1974.2,0,0
18238,515,1,270.92,1,1
18239,219,11,3273.87,1,0
18240,46,2,845.16,0,1
18241,10,38,5060.08,0,0
18242,72,12,5837.7,0,0
18243,414,1,515.78,1,1
18244,431,2,568.64,1,1
18245,7,27,8892.04,0,0
18246,24,5,1354.92,0,0
18247,415,3,839.73,1,1
18248,123,4,1608.04,1,1
18249,17,2,190.68,0,1
18250,310,2,698.54,1,1
18251,87,10,30593.579999999998,0,0
18252,51,9,2051.96,0,0
18253,643,1,317.88,1,1
18254,581,1,267.9,1,1
18255,89,3,406.45,0,1
18256,388,1,110.7,1,1
18257,39,20,6937.78,0,0
18258,464,6,2059.67,1,1
18259,25,10,6280.5,0,0
18260,173,29,12575.61,1,0
18261,43,4,648.48,0,1
18262,140,4,727.02,1,1
18263,26,6,2426.3199999999997,0,0
18264,499,1,603.25,1,1
18265,72,4,1603.02,0,1
18266,434,1,251.1,1,1
18267,673,1,269.37,1,1
18268,134,7,1515.73,1,1
18269,366,2,337.2,1,1
18270,38,5,727.7,0,1
18271,610,2,680.85,1,1
18272,3,15,7464.56,0,0
18273,2,7,561.0,0,0
18274,30,2,351.84,0,1
18275,578,2,741.85,1,1
18276,44,7,1992.38,0,0
18277,58,6,1290.43,0,0
18278,74,3,588.1,0,1
18279,519,1,231.33999999999997,1,1
18280,278,3,668.75,1,1
18281,181,3,281.96,1,1
18282,8,4,356.1,0,1
18283,4,38,4710.43,0,0
18284,432,1,461.68,1,1
18285,661,1,427.0,1,1
18286,477,2,1296.43,1,1
18287,43,10,6020.2699999999995,0,0
